slnoskm,Status,Address,Beds,bathsfull,bathshalf,bathstotal,sqft,garages,Roof,lotsqft,yrblt,Pool,spa,subdivn,adom_agentdaysonmarket,cdom_cumuldaysmls,listprice,lppersqft,PendingDate,pricesold,sppersqft,datesold,splsale
1,Sold,17711 ESPRIT DR,3,2,0,2,1695,2,Shingle,8694,1992,Community,,HUNTERS GREEN PH 1B 02,2,2,150000,88.5,7/12/2017,141500,83.48,10/6/2018,Short Sale
2,Sold,17769  ESPRIT DR ,2,2,0,2,1305,2,Shingle,6540,1992,None,,HUNTERS GREEN PH 1A,133,133,179000,137.16,7/2/2015,160000,122.61,7/30/2015,None
3,Sold,17622  ESPRIT DR ,3,2,0,2,1420,2,Shingle,4845,1991,Community,,HUNTERS GREEN PRCL 17B PH 1A,4,4,165000,116.2,6/17/2015,161500,113.73,7/29/2015,None
4,Sold,18111 ASHTON PARK WAY,3,2,0,2,1598,2,Shingle,5750,1996,Community,,HUNTERS GREEN,44,44,184000,115.14,6/24/2016,170000,106.38,7/29/2016,None
5,Sold,9203  CELEBRATION CT ,4,2,1,3,2302,2,Shingle,5390,1992,Private,,HUNTERS GREEN PH 1B 02,14,14,180000,78.19,8/10/2015,170000,73.85,9/30/2016,Short Sale
6,Sold,8908  COPPER RIDGE LN ,4,2,1,3,2270,2,"Slate, Tile",10454,1994,Private,TRUE,HUNTERS GREEN PARCEL 6,207,207,190000,83.7,9/4/2015,170000,74.89,12/7/2015,Short Sale
7,Sold,17709  ESPRIT DR ,2,2,0,2,1421,2,Shingle,7808,1992,None,,HUNTERS GREEN PH 1B 02,69,69,179900,126.6,12/1/2015,172500,121.39,2/1/2016,None
8,Sold,17762 OAK BRIDGE ST,3,2,0,2,1419,2,Shingle,5720,1995,Community,,HUNTER'S GREEN PH 2A,128,128,189000,133.19,1/11/2017,175000,123.33,3/31/2017,None
9,Sold,18112  ASHTON PARK WAY ,3,2,0,2,1856,2,Shingle,5950,1997,Community,,HUNTERS GREEN,57,57,185500,99.95,8/4/2015,178000,95.91,10/14/2015,Bank Owned/REO
10,Sold,17727 OAK BRIDGE ST,3,2,0,2,1670,2,Tile,5662,1996,Community,,HUNTERS GREEN PH 2B,0,0,179000,107.19,7/28/2016,179000,107.19,7/28/2016,None
11,Sold,9203  FESTIVAL CT ,3,2,0,2,1420,2,Shingle,7085,1992,None,,HUNTERS GREEN PRCL 17B PH 1A,3,3,174900,123.17,3/14/2015,179000,126.06,4/27/2015,None
12,Sold,9420 OAK MEADOW CT,3,2,0,2,1579,2,Shingle,4500,1992,None,,HUNTERS GREEN PRCL 22A PH 01,4,4,184900,117.1,6/13/2017,180000,114,7/11/2017,None
13,Sold,18110 HAMDEN PARK WAY,4,2,0,2,1665,2,Shingle,5750,1996,Community,,HUNTERS GREEN PARCEL 20,56,56,199900,120.06,10/26/2016,180000,108.11,11/29/2016,None
14,Sold,17714 LONG RIDGE RD,4,2,1,3,2303,2,Shingle,5250,1994,Community,,HUNTERS GREEN PH 02,96,96,198000,85.97,3/5/2018,182000,79.03,6/26/2018,Short Sale
15,Sold,17634 NATHANS DR,3,2,0,2,1810,2,Shingle,5900,1996,None,,HUNTERS GREEN PRCL 17A PH 2,15,15,178900,98.84,1/27/2017,182000,100.55,2/27/2017,Bank Owned/REO
16,Sold,17743  ESPRIT DR ,2,2,0,2,1407,2,Shingle,7770,1992,None,,HUNTERS GREEN PH 1B 02,56,56,182500,129.71,6/22/2015,182500,129.71,8/3/2015,None
17,Sold,17610  ESPRIT DR ,3,2,0,2,1542,2,Shingle,8464,1995,None,,HUNTERS GREEN PH 1A,8,8,189000,122.57,9/8/2015,184000,119.33,10/9/2015,None
18,Sold,9335  HUNTINGTON PARK WAY ,4,2,0,2,1665,2,Shingle,6150,1996,None,,HUNTERS GREEN,56,56,190000,114.11,1/27/2016,185000,111.11,3/18/2016,None
19,Sold,17758 OAK BRIDGE ST,4,2,0,2,1608,2,Shingle,5720,1995,Private,,HUNTERS GREEN,2,2,210000,130.6,7/5/2017,188000,116.92,8/2/2017,None
20,Sold,9401 OAK MEADOW CT,4,2,1,3,2299,2,Shingle,6300,1994,Community,,HUNTERS GREEN,24,157,219000,95.26,6/22/2016,190000,82.64,8/12/2016,None
21,Sold,17761  OAK BRIDGE ST ,3,2,0,2,1507,2,Shingle,5500,1996,Private,,HUNTERS GREEN PH 2A,0,0,190000,126.08,11/1/2015,190000,126.08,12/8/2015,None
22,Sold,17629 NATHANS DR,3,2,0,2,1816,2,"Shake, Shingle",5500,1996,None,,HUNTERS GREEN PH 02,7,7,190000,104.63,8/30/2017,191500,105.45,9/21/2017,Bank Owned/REO
23,Sold,9422  WILLOW COVE CT ,3,2,0,2,1654,2,Shingle,4500,1993,None,,HUNTER'S GREEN,73,73,189900,114.81,6/26/2015,192950,116.66,9/4/2015,None
24,Sold,9325 HUNTERS PARK WAY,3,2,0,2,1838,2,Shingle,5950,1996,None,,HUNTERS GREEN PRCL 20,106,106,199700,108.65,11/11/2016,193000,105.01,12/17/2016,None
25,Sold,9320 HUNTINGTON PARK WAY,4,2,0,2,1665,2,Shingle,5500,1996,Community,,HUNTERS GREEN PRCL 20,43,43,200000,120.12,3/5/2016,193000,115.92,4/12/2016,None
26,Sold,9333  HUNTINGTON PARK WAY ,3,2,0,2,1838,2,Shingle,6150,1996,Private,TRUE,HUNTERS GREEN,64,64,201000,109.36,10/17/2015,193000,105.01,11/25/2015,"Auction, Bank Owned/REO"
27,Sold,17614  NATHANS DR ,3,2,0,2,1835,2,Shingle,8321,1995,None,,HUNTERS GREEN PH 02,139,139,199000,108.45,7/4/2015,195000,106.27,7/30/2015,None
28,Sold,18120 ASHTON PARK WAY,3,2,0,2,1483,2,Shingle,6160,1996,None,,HUNTERS GREEN PRCL 20,1,1,200000,134.86,3/7/2017,198000,133.51,5/12/2017,None
29,Sold,17741 ESPRIT DR,2,2,0,2,1421,2,Shingle,6720,1992,None,,HUNTERS GREEN PH 1B 02,5,5,200000,140.75,3/20/2016,200000,140.75,6/14/2016,None
30,Sold,9324  HUNTINGTON PARK WAY SE,3,2,0,2,1598,2,Shingle,5500,1997,None,,HUNTERS GREEN,23,23,210000,131.41,4/15/2015,200000,125.16,5/29/2015,None
31,Sold,9092  QUAIL CREEK DR ,3,2,1,3,2198,2,Shingle,7380,1989,None,,"HUNTERS GREEN, HUNTER'S GREEN",159,159,220000,100.09,2/5/2015,202000,91.9,4/1/2015,None
32,Sold,9202 FESTIVAL CT,3,2,1,3,1755,2,Shingle,6205,1991,None,,HUNTERS GREEN PH 1A,167,167,210000,119.66,10/17/2016,203000,115.67,11/16/2016,None
33,Sold,9305  HUNTINGTON PARK WAY ,3,2,0,2,1510,2,Shingle,5500,1996,Community,,HUNTERS GREEN,26,26,209900,139.01,2/19/2016,203000,134.44,3/28/2016,None
34,Sold,9203  JUBILEE CT ,3,2,1,3,2094,2,Shingle,5500,1992,None,,HUNTERS GREEN PH 1B 02,72,72,199900,95.46,3/31/2016,205000,97.9,6/2/2016,Bank Owned/REO
35,Sold,17704  HAMPSHIRE OAK DR ,3,2,0,2,1793,2,Shingle,7150,1995,None,,HUNTERS GREEN,124,124,220000,122.7,7/12/2015,205000,114.33,8/14/2015,None
36,Sold,9305  HUNTERS PARK WAY ,3,2,0,2,1840,2,Shingle,5400,1997,None,,HUNTERS GREEN,13,13,219900,119.51,3/14/2015,205000,111.41,4/3/2015,None
37,Sold,18114  ASHTON PARK WAY ,3,2,0,2,1598,2,Shingle,5550,1997,Community,,HUNTERS GREEN,13,13,214900,134.48,12/1/2015,205500,128.6,1/6/2016,None
38,Sold,9320 HUNTINGTON PARK WAY,4,2,0,2,1665,2,Shingle,5500,1996,Community,,HUNTERS GREEN PRCL 20,5,5,199900,120.06,3/23/2017,208000,124.92,5/19/2017,None
39,Sold,17626 ESPRIT DR,3,2,1,3,1975,2,Shingle,4845,1991,None,,HUNTERS GREEN PH 1A,6,6,199000,100.76,4/11/2017,210000,106.33,5/26/2017,None
40,Sold,17722 ESPRIT DR,3,2,0,2,1538,2,Shingle,4845,1995,Community,,HUNTERS GREEN PH 1B 02,4,4,215000,139.79,3/18/2017,210000,136.54,4/28/2017,None
41,Sold,17635 ESPRIT DR,3,2,1,3,1695,2,Shingle,5301,1993,Community,,HUNTERS GREEN PH 1B 02,5,5,210000,123.89,11/21/2016,210000,123.89,12/29/2016,None
42,Sold,17617 NATHANS DR,3,2,0,2,1816,2,Tile,5500,1996,None,,HUNTERS GREEN,199,199,224900,123.84,11/4/2016,210000,115.64,11/21/2016,None
43,Sold,9302 HUNTINGTON PARK WAY,3,2,0,2,1578,2,Shingle,7810,1996,None,,HUNTERS GREEN PRCL 20,5,5,209900,133.02,2/16/2016,210000,133.08,3/31/2016,None
44,Sold,9324  HUNTINGTON PARK WAY ,3,2,0,2,1598,2,Shingle,5500,1997,None,,HUNTERS GREEN,4,4,214900,134.48,1/11/2016,210000,131.41,2/25/2016,None
45,Sold,9310  HUNTINGTON PARK WAY ,3,2,0,2,1844,2,Shingle,5500,1996,Community,,HUNTERS GREEN,14,14,219000,118.76,9/3/2015,210000,113.88,9/30/2015,None
46,Sold,17641  NATHANS DR ,3,2,0,2,1835,2,Tile,7100,1995,Community,,HUNTERS GREEN PRCL 17A PH 2,54,54,217900,118.75,5/18/2015,210000,114.44,6/30/2015,None
47,Sold,9421  WILLOW COVE CT ,3,2,1,3,1922,2,Built-Up,4750,1993,None,,HUNTERS GREEN PH 01,60,60,211000,109.78,9/14/2015,211000,109.78,10/21/2015,None
48,Sold,9312  HUNTINGTON PARK WAY ,3,2,0,2,1856,2,Shingle,5500,1997,None,,HUNTERS GREEN,8,8,219900,118.48,11/20/2015,212400,114.44,1/6/2016,None
49,Sold,9408  OAK MEADOW CT ,4,2,1,3,2286,2,Shingle,4500,1994,Private,,HUNTERS GREEN PH 02,43,43,219900,96.19,7/16/2015,212500,92.96,8/17/2015,Bank Owned/REO
50,Sold,9202  CELEBRATION CT ,3,2,1,3,2057,2,Shingle,5888,1994,Private,,HUNTERS GREEN PH 1B 02,21,73,214900,104.47,1/8/2016,214000,104.04,2/18/2016,Bank Owned/REO
51,Sold,17717 NATHANS DR,3,2,0,2,1604,2,Tile,11792,1992,None,,HUNTERS GREEN PRCL 17A PH 01,58,58,228900,142.71,3/11/2018,215000,134.04,4/12/2018,None
52,Sold,9302 BRAEMAR DR,4,2,0,2,1608,2,Shingle,7410,1995,Community,,HUNTERS GREEN PH 2A,37,37,224000,139.3,1/6/2018,215000,133.71,1/27/2018,None
53,Sold,17631  ESPRIT DR ,3,2,1,3,1975,2,Shingle,5580,1991,None,,HUNTERS GREEN PH 1A,38,38,220000,111.39,9/1/2015,215000,108.86,10/15/2015,None
54,Sold,9337  DEER CREEK DR ,4,3,0,3,2628,3,Shingle,10625,1997,Private,,HUNTERS GREEN PH 02,17,17,196900,74.92,5/7/2015,215000,81.81,6/19/2015,Bank Owned/REO
55,Sold,17763  ESPRIT DR ,4,2,1,3,2391,2,Shingle,4845,1994,None,,HUNTERS GREEN PH 1B 02,123,123,219900,91.97,5/8/2015,215000,89.92,6/11/2015,None
56,Sold,18102 ASHTON PARK WAY,3,2,0,2,1856,2,Shingle,7540,1997,Community,,HUNTERS GREEN,53,374,229900,123.87,10/1/2017,215500,116.11,11/8/2017,None
57,Sold,9319 WELLINGTON PARK CIR,4,2,0,2,2401,2,Tile,12978,1993,Private,,HUNTERS GREEN PH 01,31,31,255000,106.21,12/13/2017,215800,89.88,1/18/2018,"Auction, Bank Owned/REO"
58,Sold,17730  NATHANS DR ,3,2,0,2,1957,2,Shingle,6667,1992,Private,,HUNTERS GREEN PH 01,56,56,225000,114.97,4/2/2015,216000,110.37,5/15/2015,None
59,Sold,17704 HAMPSHIRE OAK DR,3,2,0,2,1941,2,Shingle,7150,1995,None,,HUNTERS GREEN,96,96,224000,115.4,7/31/2016,217000,111.8,8/31/2016,None
60,Sold,9302 KNIGHTSBRIDGE CT,3,2,0,2,1771,2,Shingle,8960,1992,Private,,HUNTERS GREEN,128,128,215000,121.4,8/2/2016,217000,122.53,9/20/2016,None
61,Sold,17629 ESPRIT DR,3,2,0,2,1401,2,Shingle,5580,1992,None,,HUNTERS GREEN PRCL 17B PH 1A,9,9,217900,155.53,5/5/2018,217900,155.53,6/7/2018,None
62,Sold,17608 ESPRIT DR,3,2,0,2,1420,2,Shingle,4845,1991,None,,HUNTERS GREEN PH 1A,5,5,229900,161.9,8/8/2018,218000,153.52,9/17/2018,None
63,Sold,17633 ESPRIT DR,3,2,0,2,1420,2,Shingle,5766,1991,None,,HUNTERS GREEN PH 1A,8,8,218000,153.52,3/16/2018,218000,153.52,4/16/2018,None
64,Sold,17754  ESPRIT DR ,3,2,1,3,2019,2,Shingle,7140,1992,Private,,HUNTERS GREEN PH 1B 02,225,225,224000,110.95,1/16/2015,218000,107.97,2/20/2015,None
65,Sold,17707 ESPRIT DR,3,2,0,2,1507,2,Shingle,5723,1993,None,,HUNTERS GREEN PRCL 17B PHAS,14,14,219000,145.32,5/30/2019,219000,145.32,6/28/2019,Bank Owned/REO
66,Sold,17771  ESPRIT DR ,4,3,0,3,1973,2,Shingle,7670,1992,None,,HUNTERS GREEN PH 1A,1,1,219500,111.25,10/8/2015,219000,111,11/19/2015,None
67,Sold,17639  NATHANS DR ,3,2,0,2,1959,2,Tile,8050,1995,Private,TRUE,HUNTERS GREEN PH 02,135,135,219900,112.25,1/18/2015,219000,111.79,2/20/2015,None
68,Sold,9319 HUNTINGTON PARK WAY,3,2,0,2,1838,2,Shingle,6435,1996,None,,HUNTERS GREEN PRCL 20,220,220,225000,122.42,6/22/2017,220000,119.7,7/21/2017,None
69,Sold,17631 NATHANS DR,3,2,0,2,1815,2,Tile,5850,1996,None,,HUNTER'S GREEN PARCEL 17A PH 2,0,0,230000,126.72,7/9/2016,220000,121.21,12/6/2016,None
70,Sold,9412 OAK MEADOW CT,3,2,1,3,1880,2,Shingle,6300,1993,Community,,HUNTERS GREEN PH 01,11,11,220000,117.02,5/24/2016,220000,117.02,8/1/2016,None
71,Sold,9405  WILLOW COVE CT ,3,2,1,3,2022,2,Shingle,4748,1994,Community,,HUNTERS GREEN,7,7,214999,106.33,4/14/2015,221000,109.3,6/1/2015,None
72,Sold,17737 ESPRIT DR,3,2,1,3,1884,2,Shingle,6741,1992,Community,,HUNTERS GREEN PRCL 17B PH 1B/,71,71,229900,122.03,9/28/2016,222000,117.83,10/7/2016,None
73,Sold,9317 HUNTINGTON PARK WAY,3,2,0,2,1838,2,Shingle,6550,1996,None,,HUNTERS GREEN,14,14,229999,125.14,5/22/2019,224000,121.87,6/24/2019,None
74,Sold,17701 PARKWAY GREEN LN,3,2,1,3,2022,2,Shingle,6300,1992,Private,,HUNTERS GREEN PRCL 22A PH 01,79,79,224000,110.78,11/28/2016,224000,110.78,1/16/2017,None
75,Sold,9031  QUAIL CREEK DR ,3,2,0,2,2244,2,Shingle,9060,1991,Private,,HUNTER'S GREEN PARCEL 7,16,16,234900,104.68,5/28/2015,224000,99.82,7/2/2015,None
76,Sold,17628  NATHANS DR ,3,2,0,2,1836,2,Tile,6490,1994,Community,,HUNTERS GREEN PRCL 17A PH 02,17,122,224294,122.16,12/21/2015,224500,122.28,2/4/2016,None
77,Sold,17726  NATHANS DR ,3,2,0,2,1815,2,Tile,5500,1995,Community,,HUNTERS GREEN PRCL 17A PH 1,130,130,224900,123.91,4/1/2016,224900,123.91,4/25/2016,None
78,Sold,9205 JUBILEE CT,3,2,1,3,1695,2,Shingle,7215,1993,Private,TRUE,HUNTERS GREEN PH 1B 02,57,57,234900,138.58,12/7/2017,225000,132.74,12/18/2017,Bank Owned/REO
79,Sold,17731  HAMPSHIRE OAK DR ,3,2,0,2,2079,3,Shingle,7590,1992,Private,,HUNTERS GREEN PH 01,32,32,227000,109.19,9/29/2015,225000,108.23,10/27/2015,None
80,Sold,9411 AZALEA RIDGE CIR,4,2,0,2,2022,2,Shingle,7150,1997,Community,,HUNTERS GREEN PH 02,22,22,233000,115.23,4/18/2016,226500,112.02,6/6/2016,None
81,Sold,17765 ESPRIT DR,4,2,0,2,1658,2,Shingle,4845,1994,Community,FALSE,HUNTERS GREEN HUNTER'S GREEN,167,167,229900,138.66,4/1/2019,226900,136.85,6/6/2019,None
82,Sold,9305 WELLINGTON PARK CIR,4,3,0,3,2537,3,Tile,9960,1993,None,,HUNTERS GREEN PH 01,28,28,228800,90.19,6/29/2018,227000,89.48,7/26/2018,Bank Owned/REO
83,Sold,9412 WILLOW COVE CT,4,2,0,2,1854,,Shingle,4500,1994,Community,,HUNTERS GREEN PH 01,40,40,245000,132.15,8/31/2018,228000,122.98,9/18/2018,None
84,Sold,9405  OAK MEADOW CT ,4,2,1,3,2305,2,Shingle,4500,1994,None,,HUNTERS GREEN,328,328,233000,101.08,8/4/2016,228000,98.92,9/15/2016,None
85,Sold,9315  HAMPSHIRE PARK DR ,4,2,0,2,1920,3,Shingle,8125,1995,"Private, Community",,HUNTERS GREEN PH 02,57,57,228500,119.01,11/5/2015,228500,119.01,12/14/2015,None
86,Sold,17707 NATHANS DR,2,2,0,2,1724,2,Tile,6450,1993,None,,HUNTERS GREEN PRCL 17A PH 01,15,15,235000,136.31,2/9/2018,230000,133.41,3/15/2018,None
87,Sold,9302 HERITAGE OAK CT,3,2,0,2,1812,2,Shingle,9350,1992,None,,HUNTERS GREEN PRCL 18A PH 01,3,3,230000,126.93,11/3/2017,230000,126.93,12/15/2017,None
88,Sold,17635 NATHANS DR,3,2,0,2,1936,2,Tile,7150,1997,None,,HUNTER'S GREEN PARCEL 17A PH 2,0,0,230000,118.8,10/9/2017,230000,118.8,10/27/2017,None
89,Sold,8904  COPPER RIDGE LN ,4,3,0,3,2644,3,Tile,11904,1994,None,,HUNTERS GREEN,155,155,230000,86.99,2/4/2019,230000,86.99,3/18/2019,Short Sale
90,Sold,9412  AZALEA RIDGE CIR ,4,3,0,3,2212,2,Shingle,7437,1996,Community,,HUNTERS GREEN PH 01,129,338,234000,105.79,8/14/2015,230000,103.98,9/10/2015,None
91,Sold,9302 HUNTINGTON PARK WAY,3,2,0,2,1578,2,Shingle,7810,1996,None,,HUNTERS GREEN PRCL 20,46,46,239500,151.77,3/24/2018,231500,146.7,5/7/2018,None
92,Sold,17630 ESPRIT DR,3,2,1,3,1755,2,Shingle,4845,1991,Private,,HUNTERS GREEN PH 1A,30,30,239900,136.7,3/8/2018,234000,133.33,4/6/2018,None
93,Sold,17704 NATHANS DR,3,2,1,3,1930,2,Tile,7616,1995,Community,,HUNTERS GREEN PH 01,78,78,234900,121.71,8/9/2017,234500,121.5,9/27/2017,Bank Owned/REO
94,Sold,17719 RIDGEWAY POINT PL,3,2,1,3,1880,2,Shingle,7224,1992,"Private, Community",TRUE,HUNTERS GREEN PH 01,4,4,230000,122.34,12/17/2017,235000,125,2/16/2018,None
95,Sold,17722 RIDGEWAY POINT PL,3,2,1,3,2022,2,Shingle,5445,1992,Community,,HUNTERS GREEN,8,8,230000,113.75,7/5/2017,235000,116.22,9/20/2017,None
96,Sold,9312 HUNTINGTON PARK WAY,3,2,0,2,1856,2,Shingle,5500,1997,Community,,HUNTERS GREEN,32,32,239000,128.77,5/16/2017,235000,126.62,6/7/2017,None
97,Sold,17602  ESPRIT DR ,3,2,1,3,2275,2,Shingle,6016,1996,Private,TRUE,HUNTERS GREEN PH 1A,137,137,248000,109.01,8/1/2015,235000,103.3,9/11/2015,None
98,Sold,9414  AZALEA RIDGE CIR ,3,2,0,2,2084,3,Shingle,7405,1997,Private,,HUNTERS GREEN PH 02,195,195,247000,118.52,6/3/2015,235000,112.76,6/29/2015,Short Sale
99,Sold,9310 KNIGHTSBRIDGE CT,3,2,0,2,2067,2,Shingle,8450,1992,Community,,HUNTERS GREEN PRCL 18A PH 01,79,79,235000,113.69,10/19/2019,236000,114.18,11/22/2019,None
100,Sold,9313 HUNTINGTON PARK WAY,3,2,0,2,1838,2,Shingle,5500,1996,Community,,HUNTERS GREEN,65,65,249900,135.96,2/1/2019,236000,128.4,2/15/2019,None
101,Sold,18104 HAMDEN PARK WAY,4,2,0,2,1685,2,Shingle,5750,1997,None,,HUNTERS GREEN,30,30,239900,142.37,5/6/2019,237500,140.95,6/7/2019,None
102,Sold,9313  KNIGHTSBRIDGE CT ,5,3,0,3,3070,2,Shingle,7150,1998,None,,HUNTERS GREEN PH 01,37,247,244900,79.77,4/30/2015,237500,77.36,6/18/2015,Bank Owned/REO
103,Sold,17642  NATHANS DR ,3,2,0,2,1831,2,Tile,6300,1994,Private,,HUNTERS GREEN PH 02,1,1,244900,133.75,10/15/2015,238000,129.98,11/30/2015,None
104,Sold,9418  AZALEA RIDGE CIR ,5,3,0,3,2392,2,Shingle,7215,1997,None,,HUNTERS GREEN PRCL 24 PH 2,87,87,239900,100.29,5/8/2015,238000,99.5,6/25/2015,None
105,Sold,17728 LONG RIDGE RD,3,2,0,2,1848,2,Shingle,5000,1994,Community,,HUNTERS GREEN PH 02,40,40,243900,131.98,6/29/2018,238500,129.06,8/1/2018,None
106,Sold,9302 KNIGHTSBRIDGE CT,3,2,0,2,1771,2,Shingle,8960,1992,Private,,HUNTERS GREEN PRCL 18A PHAS,11,11,239000,134.95,6/28/2019,239000,134.95,10/21/2019,Short Sale
107,Sold,17702 LONG RIDGE RD,3,2,1,3,1871,2,Shingle,6537,1993,Private,,HUNTERS GREEN PH 02,2,2,250000,133.62,4/23/2017,239000,127.74,5/22/2017,None
108,Sold,17714 LONG RIDGE RD,4,2,1,3,2303,2,Shingle,5250,1994,Community,,HUNTERS GREEN PH 02,171,171,255000,110.73,1/26/2019,240000,104.21,2/26/2019,None
109,Sold,17701 RIDGEWAY POINT PL,4,2,1,3,2185,2,Shingle,7560,1992,None,,HUNTERS GREEN PH 01,86,86,246000,112.59,7/16/2016,240000,109.84,8/11/2016,None
110,Sold,17723  NATHANS DR ,3,2,1,3,2186,2,Tile,6900,1992,Private,,HUNTERS GREEN PH 01,19,19,253500,115.97,11/10/2015,240000,109.79,1/5/2016,None
111,Sold,17728 NATHANS DR,3,2,0,2,1835,2,Tile,7280,1995,None,,HUNTERS GREEN PH 01,5,5,225000,122.62,1/7/2017,240500,131.06,1/30/2017,None
112,Sold,17735 ESPRIT DR,3,2,1,3,1930,2,Shingle,8760,1994,Community,,HUNTERS GREEN PH 1B 02,10,10,249900,129.48,4/25/2019,241000,124.87,5/28/2019,None
113,Sold,17725 HAMPSHIRE OAK DR,5,2,1,3,3235,2,Shingle,7475,1995,Private,,HUNTERS GREEN PH 01,90,90,249900,77.25,2/8/2017,243500,75.27,2/24/2017,Bank Owned/REO
114,Sold,17731 LONG RIDGE RD,4,2,1,3,2305,2,Shingle,4500,1993,Community,,HUNTERS GREEN PRCL 22A PH 2,75,75,245000,106.29,12/18/2016,244000,105.86,1/30/2017,None
115,Sold,18101 HAMDEN PARK WAY,3,2,0,2,1838,2,Shingle,8395,1996,Community,,HUNTERS GREEN PRCL 20,22,22,245000,133.3,8/25/2019,245000,133.3,10/25/2019,None
116,Sold,9306 HUNTINGTON PARK WAY,4,2,0,2,1685,2,Shingle,5500,1996,Community,,HUNTERS GREEN PRCL 20,22,22,244900,145.34,6/22/2019,245000,145.4,7/9/2019,None
117,Sold,9414 WILLOW COVE CT,3,2,1,3,2022,2,Shingle,4500,1994,Community,,HUNTERS GREEN PH 01,68,68,249900,123.59,9/29/2018,245000,121.17,10/26/2018,None
118,Sold,17709 EMERALD GREEN PL,4,2,0,2,1706,2,Shingle,7150,1997,"Private, Community",TRUE,HUNTERS GREEN PH 02,57,233,259900,152.34,1/24/2018,245000,143.61,2/28/2018,None
119,Sold,17756 OAK BRIDGE ST,4,2,1,3,2365,2,Shingle,5720,1995,Private,,HUNTERS GREEN PH 2A,45,45,257000,108.67,7/13/2017,245000,103.59,8/8/2017,None
120,Sold,9308  KNIGHTSBRIDGE CT ,4,2,1,3,2911,3,Shingle,7995,1992,None,,HUNTERS GREEN PH 01,32,192,260000,89.32,10/13/2015,246666,84.74,12/8/2015,None
121,Sold,17624 NATHANS DR,3,3,0,3,2076,2,Shingle,5900,1994,"Private, Community",,HUNTERS GREEN PH 02,3,3,249900,120.38,7/2/2016,247900,119.41,8/19/2016,None
122,Sold,9017  QUAIL CREEK DR ,4,2,1,3,2881,2,Shingle,14560,1989,None,TRUE,HUNTERS GREEN,237,237,250000,86.78,8/11/2015,248000,86.08,9/17/2015,None
123,Sold,17732 LONG RIDGE RD,4,2,1,3,2305,2,Shingle,5867,1994,None,,HUNTERS GREEN PH 02,8,8,239995,104.12,9/25/2018,248500,107.81,10/12/2018,None
124,Sold,18113 ASHTON PARK WAY,3,2,0,2,1832,2,Shingle,5750,1996,Community,,HUNTERS GREEN PRCL 20,2,2,249000,135.92,11/23/2019,249000,135.92,12/13/2019,None
125,Sold,17618 NATHANS DR,3,2,0,2,1810,2,Slate,6750,1996,"Private, Community",FALSE,HUNTERS GREEN PRCL 17A PH 2,12,12,249000,137.57,1/15/2019,249000,137.57,2/7/2019,None
126,Sold,17723 HAMPSHIRE OAK DR,4,2,0,2,1903,3,Shingle,7475,1996,Community,,HUNTERS GREEN PH 01,43,43,257900,135.52,12/4/2016,249000,130.85,2/10/2017,None
127,Sold,9401  AZALEA RIDGE CIR ,4,3,0,3,2392,2,Shingle,11834,1997,Private,,HUNTERS GREEN PRCL 24 PH 1,8,8,250000,104.52,5/15/2015,249000,104.1,8/3/2015,None
128,Sold,17710 LONG RIDGE RD,4,2,1,3,2305,2,Shingle,5250,1994,None,,HUNTERS GREEN PH 02,8,8,249900,108.42,12/1/2016,249900,108.42,1/10/2017,None
129,Sold,18101 ASHTON PARK WAY,3,2,0,2,1856,2,Shingle,8395,1997,"Private, Community",,HUNTERS GREEN,3,3,249900,134.64,7/13/2016,249900,134.64,8/26/2016,None
130,Sold,9406 OAK MEADOW CT,4,2,1,3,2305,2,Shingle,4500,1994,Community,,HUNTERS GREEN PRCL 22A PH 2,7,7,259900,112.75,3/19/2017,250000,108.46,5/1/2017,None
131,Sold,17805  GREY BROOKE DR ,4,3,0,3,2775,2,Tile,13612,1991,Private,,HUNTERS GREEN,44,132,289900,104.47,3/7/2016,250000,90.09,3/31/2016,Bank Owned/REO
132,Sold,9313 HUNTERS PARK WAY,3,2,0,2,1838,2,Shingle,5900,1996,None,,"HUNTERS GREEN, HUNTER'S GREEN",31,31,249000,135.47,3/31/2017,251500,136.83,5/12/2017,None
133,Sold,17604 NATHANS DR,3,2,0,2,1810,2,Tile,6750,1997,"Private, Community",TRUE,HUNTERS GREEN PRCL 17A PH 1,40,40,279900,154.64,12/15/2019,252500,139.5,12/27/2019,None
134,Sold,9406  HUNTERS POND DR ,4,3,0,3,2232,3,Shingle,6771,1998,None,,HUNTERS GREEN PH 01,118,118,265000,118.73,8/10/2015,252500,113.13,9/30/2015,None
135,Sold,17724 NATHANS DR,3,2,1,3,1957,2,Tile,5500,1992,None,,HUNTERS GREEN PRCL 17A PH 01,2,2,265000,135.41,4/6/2018,253000,129.28,5/31/2018,None
136,Sold,17654 NATHANS DR,3,2,1,3,1930,2,Tile,5865,1994,None,,HUNTERS GREEN PH 01,49,49,253000,131.09,6/10/2017,253000,131.09,7/20/2017,None
137,Sold,17731 LONG RIDGE RD,4,2,1,3,2305,2,Shingle,4500,1993,None,,HUNTERS GREEN PRCL 22A PHAS,6,6,250000,108.46,9/9/2019,254000,110.2,10/28/2019,None
138,Sold,9077 QUAIL CREEK DR,3,2,0,2,2376,2,Shingle,7130,1990,Private,,HUNTERS GREEN,113,113,259000,109.01,8/31/2016,254000,106.9,9/30/2016,None
139,Sold,17745 ESPRIT DR,4,2,1,3,2391,2,Shingle,7200,1993,Community,,HUNTERS GREEN PH 1B 02,60,60,272500,113.97,7/27/2018,255000,106.65,8/15/2018,None
140,Sold,17760 OAK BRIDGE ST,4,2,1,3,2410,2,Shingle,5720,1996,Private,,HUNTERS GREEN PRCL 18B PH 02A,38,119,265000,109.96,6/4/2018,255000,105.81,6/28/2018,None
141,Sold,17715 HAMPSHIRE OAK DR,4,3,0,3,2129,3,Shingle,7705,1997,None,,HUNTERS GREEN,91,91,265000,124.47,9/22/2017,255000,119.77,10/31/2017,None
142,Sold,9404 WILLOW COVE CT,4,2,1,3,2299,2,Shingle,4500,1994,Community,,HUNTERS GREEN PH 02,148,148,255000,110.92,8/24/2017,255000,110.92,9/25/2017,None
143,Sold,17642 NATHANS DR,3,2,0,2,1808,2,Tile,6300,1994,"Private, Community",,HUNTERS GREEN PH 02,2,2,255000,141.04,2/27/2017,255000,141.04,3/1/2017,None
144,Sold,9428  HUNTERS POND DR ,3,2,0,2,2132,3,Shingle,11312,1997,None,,HUNTERS GREEN PH 02,71,71,269750,126.52,3/9/2015,255000,119.61,4/29/2015,None
145,Sold,9455  HUNTERS POND DR ,4,3,0,3,2598,,Shingle,7788,1997,Private,,HUNTERS GREEN PH 02,207,207,259900,100.04,1/30/2015,257900,99.27,3/20/2015,Bank Owned/REO
146,Sold,9058 QUAIL CREEK DR,3,2,0,2,2347,2,Shingle,6970,1991,Community,,HUNTERS GREEN PARCEL 7,19,19,265000,112.91,8/8/2017,258000,109.93,9/26/2017,None
147,Sold,17731 HAMPSHIRE OAK DR,3,2,0,2,2079,3,Shingle,7590,1992,"Private, Community",,HUNTERS GREEN PH 01,81,81,270000,129.87,8/26/2016,258000,124.1,10/13/2016,None
148,Sold,9062 QUAIL CREEK DR,3,2,0,2,2331,2,Shingle,6900,1990,Community,,HUNTERS GREEN,15,15,259000,111.11,3/24/2018,259000,111.11,4/18/2018,None
149,Sold,9316 HERITAGE OAK CT,3,2,0,2,2099,3,Shingle,7150,1995,Private,TRUE,HUNTERS GREEN PH 01,61,61,260000,123.87,6/24/2017,259000,123.39,8/1/2017,None
150,Sold,17706 EMERALD GREEN PL,3,2,1,3,1961,2,Shingle,7150,1994,"Private, Community",,HUNTERS GREEN PH 02,93,93,259000,132.08,6/24/2016,259000,132.08,7/29/2016,None
151,Sold,17305 LOCKWOOD RIDGE DR,3,2,0,2,2026,2,Shingle,10240,1991,Private,,HUNTERS GREEN,6,6,259500,128.08,6/22/2016,259500,128.08,7/15/2016,None
152,Sold,9413 OAK MEADOW CT,3,2,1,3,1880,2,Shingle,4500,1993,Community,,HUNTERS GREEN PRCL 22A PHAS,2,2,259900,138.24,10/4/2019,259900,138.24,11/20/2019,None
153,Sold,17648 NATHANS DR,3,2,1,3,2012,2,Tile,12210,1994,Private,,HUNTERS GREEN,7,7,259900,129.17,4/7/2016,259900,129.17,5/20/2016,None
154,Sold,9402 WILLOW COVE CT,3,2,1,3,2022,2,Shingle,6300,1993,Community,,HUNTERS GREEN PRCL 22A PHAS,16,16,260000,128.59,6/9/2019,260000,128.59,7/12/2019,None
155,Sold,17714 NATHANS DR,3,2,0,2,2264,2,Tile,7056,1991,None,,HUNTERS GREEN PH 01,237,237,269900,119.21,5/15/2019,260000,114.84,6/28/2019,None
156,Sold,17768 OAK BRIDGE ST,4,2,1,3,2518,2,Shingle,8113,1995,Community,,HUNTERS GREEN PH 2A,4,4,265000,105.24,2/23/2018,262000,104.05,4/19/2018,None
157,Sold,9204 CELEBRATION CT,3,2,1,3,2295,2,Shingle,6615,1992,Community,,HUNTERS GREEN PH 1B 02,35,35,259900,113.25,8/22/2017,264260,115.15,10/11/2017,None
158,Sold,9470 HUNTERS POND DR,4,3,0,3,2440,2,Shingle,7475,1995,Community,,HUNTERS GREEN PH 01,77,77,269900,110.61,11/21/2018,264900,108.57,12/21/2018,None
159,Sold,9315 HAMPSHIRE PARK DR,4,2,0,2,1920,3,Shingle,8125,1995,Private,,HUNTERS GREEN PH 02,13,13,265000,138.02,6/21/2017,265000,138.02,8/7/2017,None
160,Sold,9304 HERITAGE OAK CT,3,2,1,3,2041,3,Shingle,7150,1993,Private,,HUNTERS GREEN PH 01,15,15,265000,129.84,5/23/2017,265000,129.84,6/30/2017,None
161,Sold,8803 HEATHER GLEN CT,4,3,0,3,2162,2,Tile,15520,1991,Private,,HUNTERS GREEN,166,166,265000,122.57,12/12/2016,265000,122.57,2/8/2017,None
162,Sold,9319 HAMPSHIRE PARK DR,4,2,1,3,3235,2,Shingle,15705,1993,Community,,HUNTERS GREEN PH 02,140,140,279900,86.52,1/31/2017,265000,81.92,2/17/2017,None
163,Sold,9317  HERITAGE OAK CT ,4,3,0,3,2338,3,Shingle,9460,1993,Private,,HUNTERS GREEN PH 02,22,22,265000,113.34,6/8/2015,265000,113.34,7/31/2015,None
164,Sold,17710 HAMPSHIRE OAK DR,4,3,0,3,2132,3,Shingle,7150,1995,None,,HUNTERS GREEN PH 02,43,43,277500,130.16,1/24/2019,265500,124.53,3/22/2019,None
165,Sold,17509 WOODTHRUSH PL,3,2,0,2,2311,2,Shingle,6900,1990,Private,FALSE,HUNTERS GREEN,26,26,275000,119,8/30/2018,267000,115.53,10/11/2018,None
166,Sold,9307 HERITAGE OAK CT,4,2,1,3,2444,3,Shingle,7150,1994,Private,,HUNTERS GREEN PH 02,74,74,269900,110.43,7/7/2017,268000,109.66,9/22/2017,Bank Owned/REO
167,Sold,17708 LONG RIDGE RD,4,2,1,3,2299,2,Shingle,5250,1994,None,,HUNTERS GREEN PH 02,15,15,269000,117.01,4/4/2019,269000,117.01,5/1/2019,None
168,Sold,17615 NATHANS DR,3,3,0,3,1860,2,Tile,5500,1993,None,TRUE,HUNTERS GREEN HUNTER'S GREEN,25,25,269900,145.11,4/19/2018,269900,145.11,5/29/2018,None
169,Sold,9416 WILLOW COVE CT,4,2,1,3,2273,2,Shingle,4500,1994,None,,HUNTERS GREEN,16,96,269999,118.79,8/31/2018,269999,118.79,10/3/2018,None
170,Sold,17711 ESPRIT DR,3,2,1,3,1695,2,Shingle,8694,1992,None,,HUNTERS GREEN PH 1B 02,56,56,275000,162.24,4/5/2019,270000,159.29,6/3/2019,None
171,Sold,9319 WELLINGTON PARK CIR,4,2,0,2,2401,2,Tile,12978,1993,"Private, Community",,HUNTERS GREEN PH 01,52,95,275000,114.54,8/17/2018,270000,112.45,9/17/2018,None
172,Sold,9311 HAMPSHIRE PARK DR,4,2,0,2,2262,2,Shingle,8125,1993,Private,,HUNTERS GREEN PH 01,157,157,274900,121.53,7/16/2018,270000,119.36,8/13/2018,None
173,Sold,8749 ASHWORTH DR,3,2,0,2,2098,2,Shingle,9000,1996,None,,HUNTERS GREEN,48,48,289900,138.18,5/13/2016,270000,128.69,6/24/2016,None
174,Sold,8711 ASHWORTH DR,3,2,0,2,1988,2,Shingle,9000,1992,None,FALSE,HUNTERS GREEN,49,49,275000,138.33,4/10/2019,271500,136.57,5/3/2019,None
175,Sold,8908  COPPER RIDGE LN ,4,2,1,3,2270,2,Shingle,10602,1994,Private,,HUNTERS GREEN,198,198,277900,122.42,7/21/2016,273000,120.26,8/23/2016,None
176,Sold,9315 KNIGHTSBRIDGE CT,5,2,1,3,3235,2,Shingle,7150,1992,Private,TRUE,HUNTERS GREEN PH 01,81,81,294900,91.16,6/3/2018,275000,85.01,7/31/2018,None
177,Sold,9419 HUNTERS POND DR,4,2,0,2,2064,2,Shingle,7810,1997,Private,,HUNTERS GREEN,78,78,274500,132.99,4/3/2018,275432,133.45,5/4/2018,None
178,Sold,9312 KNIGHTSBRIDGE CT,5,3,0,3,2958,2,Shingle,9100,1992,"Private, Community",,HUNTERS GREEN PH 01,68,68,274900,92.93,1/17/2017,276000,93.31,3/1/2017,None
179,Sold,9083 QUAIL CREEK DR,4,2,1,3,2214,2,Shingle,7130,1990,"Private, Community",,HUNTERS GREEN,56,56,287900,130.04,7/22/2016,279000,126.02,8/31/2016,None
180,Sold,9325 HAMPSHIRE PARK DR,3,2,0,2,1996,2,Shingle,10445,1994,None,FALSE,HUNTERS GREEN PH 02,14,14,285000,142.79,8/18/2018,279500,140.03,9/14/2018,None
181,Sold,8730 ASHWORTH DR,4,2,1,3,2548,2,Shingle,12150,1996,None,,HUNTERS GREEN,6,6,279900,109.85,4/23/2017,279900,109.85,6/3/2017,None
182,Sold,17624 NATHANS DR,3,3,0,3,2076,2,Tile,5900,1994,"Private, Community",,HUNTERS GREEN,10,10,289900,139.64,11/19/2018,280000,134.87,12/17/2018,None
183,Sold,17505 WOODTHRUSH PL,4,2,0,2,2350,2,Shingle,6900,1992,"Private, Community",TRUE,HUNTERS GREEN,114,114,289900,123.36,4/8/2017,280000,119.15,4/28/2017,None
184,Sold,17940 HOLLY BROOK DR,4,3,0,3,2484,2,Tile,8625,1992,None,,HUNTERS GREEN,167,167,289900,116.71,11/21/2016,280000,112.72,12/2/2016,None
185,Sold,9310  WELLINGTON PARK CIR ,4,3,0,3,2437,3,Tile,13912,1994,Private,TRUE,HUNTERS GREEN PH 01,91,91,299000,122.69,11/23/2015,280000,114.9,1/5/2016,None
186,Sold,9039 QUAIL CREEK DR,4,2,1,3,2881,2,Shingle,7320,1990,Private,,HUNTERS GREEN,9,9,279900,97.15,9/30/2016,282500,98.06,11/15/2016,Bank Owned/REO
187,Sold,17720 LONG RIDGE RD,4,2,1,3,2299,2,Shingle,5250,1994,"Private, Community",,HUNTERS GREEN PH 02,25,25,299900,130.45,3/10/2018,285000,123.97,4/27/2018,None
188,Sold,17818 EAGLE TRACE ST,4,3,0,3,2756,2,Tile,9600,1998,Community,,HUNTERS GREEN,192,192,309900,112.45,12/30/2016,285000,103.41,2/10/2017,None
189,Sold,9307 KNIGHTSBRIDGE CT,4,2,0,2,2188,3,Shingle,7150,1992,None,,HUNTER'S GREEN,0,0,285000,130.26,6/16/2016,285000,130.26,6/17/2016,None
190,Sold,17951 HOLLY BROOK DR,4,3,0,3,2553,2,Tile,9856,1990,Private,,HUNTERS GREEN,241,241,292500,114.57,1/19/2017,285000,111.63,2/24/2017,None
191,Sold,17706 SHANNON OAKS CT,4,2,1,3,2686,2,Tile,10350,1991,Community,,HUNTERS GREEN,52,52,320000,119.14,5/12/2016,285000,106.11,6/28/2016,None
192,Sold,9306  HERITAGE OAK CT ,4,3,0,3,2190,3,Shingle,7150,1994,Private,,HUNTERS GREEN PH 01,88,88,289900,132.37,1/27/2016,285000,130.14,3/4/2016,None
193,Sold,9207  MEADOW LANE CT ,4,2,1,3,2956,2,Shingle,9000,1997,Private,,HUNTERS GREEN PH 02,35,35,300000,101.49,9/18/2015,287000,97.09,11/18/2015,None
194,Sold,17815 HICKORY MOSS PL,4,3,0,3,2585,3,Tile,14875,1995,Private,TRUE,HUNTER'S GREEN,7,7,304500,117.79,5/12/2016,287500,111.22,7/14/2016,None
195,Sold,9031 QUAIL CREEK DR,3,2,0,2,2244,2,Shingle,9060,1991,Private,,HUNTERS GREEN,2,2,288500,128.57,8/14/2016,288500,128.57,9/27/2016,None
196,Sold,9306 KNIGHTSBRIDGE CT,4,3,0,3,2205,3,Shingle,7605,1993,Private,TRUE,HUNTERS GREEN PH 01,1,1,300000,136.05,8/5/2017,290000,131.52,9/25/2017,None
197,Sold,9305 HAMPSHIRE PARK DR,4,3,0,3,2223,3,Shingle,8125,1993,Private,,HUNTERS GREEN PH 01,22,22,300000,134.95,11/19/2016,290000,130.45,1/13/2017,None
198,Sold,17714  SHANNON OAKS CT ,4,3,0,3,2442,3,Tile,11304,1992,Private,TRUE,HUNTER'S GREEN PARCEL 6,38,38,299900,122.81,9/29/2015,290000,118.76,11/25/2015,None
199,Sold,17846  GREEN WILLOW DR ,4,3,0,3,2527,2,Tile,11552,1994,Private,,HUNTERS GREEN,78,78,275000,108.82,1/29/2015,292000,115.55,4/16/2015,Short Sale
200,Sold,18134  REGENTS SQUARE DR ,4,2,1,3,3039,3,Tile,9000,1998,Private,,HUNTERS GREEN PH 02,76,76,309900,101.97,9/10/2015,294000,96.74,9/21/2015,None
201,Sold,9308 DEER CREEK DR,4,3,0,3,2585,3,Tile,11900,1995,"Private, Community",,HUNTERS GREEN PH 02,23,23,309900,119.88,8/15/2018,294900,114.08,8/31/2018,Bank Owned/REO
202,Sold,17809 HICKORY MOSS PL,4,3,0,3,2527,2,Tile,11051,1995,"Private, Community",,HUNTER'S GREEN PARCEL 14 B PH 1,37,37,315000,124.65,6/6/2018,295000,116.74,7/25/2018,None
203,Sold,9332 HAMPSHIRE PARK DR,4,3,0,3,2186,3,Shingle,7590,1993,Private,,HUNTERS GREEN PH 02,15,15,295000,134.95,1/31/2018,295000,134.95,3/14/2018,None
204,Sold,8708  BALLANTRAE WAY ,5,3,0,3,3088,3,Shingle,14112,1990,Private,TRUE,HUNTERS GREEN,287,287,314900,101.98,5/31/2015,295000,95.53,7/16/2015,None
205,Sold,9015 QUAIL CREEK DR,4,2,1,3,2214,2,Shingle,13685,1989,Community,,HUNTERS GREEN,10,10,299900,135.46,4/23/2016,296000,133.69,6/17/2016,None
206,Sold,8787 ASHWORTH DR,3,3,0,3,2258,3,Shingle,14124,1991,Private,TRUE,HUNTERS GREEN PH 01 REP HAMPTON ON GREEN PH 01,14,14,299900,132.82,1/23/2018,297000,131.53,3/2/2018,None
207,Sold,8707  HIDDEN GREEN LN ,4,3,0,3,2695,2,Shingle,10236,1994,Private,,HUNTERS GREEN,17,17,299000,110.95,5/22/2015,297000,110.2,6/18/2015,None
208,Sold,17810  GREEN WILLOW DR ,4,3,0,3,3018,3,Tile,16120,1994,Private,,HUNTERS GREEN,129,129,300000,99.4,2/19/2015,297000,98.41,3/31/2015,None
209,Sold,9007 QUAIL CREEK DR,4,2,1,3,2866,2,Shingle,8979,1992,"Private, Community",,HUNTERS GREEN,17,17,300000,104.68,6/3/2017,297500,103.8,6/30/2017,None
210,Sold,17803 GREEN WILLOW DR,4,3,0,3,2674,3,Tile,10810,1994,"Private, Community",,HUNTERS GREEN,30,30,299000,111.82,4/11/2017,299000,111.82,5/5/2017,None
211,Sold,9404 HUNTERS POND DR,4,3,0,3,2242,2,Shingle,6900,1996,Private,,HUNTERS GREEN PH 01,53,53,299000,133.36,5/17/2016,299000,133.36,6/24/2016,None
212,Sold,17725 NATHANS DR,3,2,0,2,1956,2,Shingle,6550,1992,Private,,HUNTERS GREEN PH 01,3,3,295000,150.82,2/11/2018,299500,153.12,3/20/2018,None
213,Sold,9464 HUNTERS POND DR,4,2,0,2,2041,2,Shingle,7475,1996,"Private, Community",FALSE,HUNTERS GREEN PRCL 24 PH,3,3,300000,146.99,9/30/2019,300000,146.99,10/25/2019,None
214,Sold,17301 LOCKWOOD RIDGE DR,4,3,0,3,2260,,Shingle,11739,1991,Private,,HUNTERS GREEN,10,10,309900,137.12,2/23/2017,300000,132.74,4/5/2017,None
215,Sold,9420 HUNTERS POND DR,4,3,0,3,2222,2,Shingle,7437,1996,None,TRUE,HUNTERS GREEN PH 01,12,12,305000,137.26,2/22/2017,300000,135.01,3/2/2017,None
216,Sold,9450  HUNTERS POND DR ,4,3,0,3,2440,3,Shingle,9108,1997,"Private, Community",,HUNTERS GREEN PH 02,4,4,299900,122.91,9/13/2015,300000,122.95,11/6/2015,None
217,Sold,9084 QUAIL CREEK DR,4,2,1,3,2315,2,Shingle,11826,1989,Private,,HUNTERS GREEN,5,5,305000,131.75,7/8/2017,302500,130.67,8/8/2017,None
218,Sold,17917  HOLLY BROOK DR ,4,3,0,3,2553,2,Tile,10296,1989,Private,TRUE,HUNTERS GREEN,232,232,310000,121.43,3/19/2016,305000,119.47,4/20/2016,None
219,Sold,9337 WELLINGTON PARK CIR,4,3,0,3,2275,3,Tile,9600,1995,Private,,"HUNTERS GREEN, HUNTER'S GREEN",5,79,307500,135.16,1/25/2017,307500,135.16,3/7/2017,None
220,Sold,17809  RIDGEWAY CT ,4,3,0,3,2764,3,Tile,14580,1996,Private,TRUE,HUNTER'S GREEN PARCEL 15 REVISED,114,114,349000,126.27,5/27/2015,308715,111.69,6/29/2015,None
221,Sold,17750 OAK BRIDGE ST,4,2,1,3,2481,2,Shingle,8122,1994,Private,,HUNTERS GREEN,13,13,319900,128.94,4/23/2017,310000,124.95,5/24/2017,None
222,Sold,9341 WELLINGTON PARK CIR,4,3,0,3,3235,3,Tile,11760,1994,Private,TRUE,HUNTERS GREEN PRCL 14A PH 02,9,9,328800,101.64,6/8/2016,310000,95.83,8/9/2016,None
223,Sold,8742 ASHWORTH DR,4,3,0,3,2280,3,Shingle,8625,1996,Community,,HUNTERS GREEN,10,56,319900,140.31,10/2/2017,311000,136.4,11/27/2017,None
224,Sold,18121  REGENTS SQUARE DR ,4,2,1,3,2981,3,Tile,9317,1997,Private,,HUNTERS GREEN PH 02,523,655,325000,109.02,9/30/2015,312000,104.66,11/20/2015,None
225,Sold,9033 QUAIL CREEK DR,4,2,0,2,2347,2,Shingle,8640,1991,Private,,HUNTERS GREEN,51,51,314000,133.79,8/13/2018,314000,133.79,9/14/2018,None
226,Sold,17727 HAMPSHIRE OAK DRIVE,4,3,0,3,2132,3,Shingle,7475,1994,"Private, Community",TRUE,HUNTERS GREEN PH 01,15,15,324900,152.39,12/19/2018,315000,147.75,1/25/2019,None
227,Sold,9083 QUAIL CREEK DR,4,2,1,3,2214,2,Shingle,7130,1990,Private,,HUNTERS GREEN,3,3,315000,142.28,2/5/2018,315000,142.28,3/23/2018,None
228,Sold,9009 QUAIL CREEK DR,3,2,0,2,2331,2,Shingle,7560,1989,Private,,HUNTERS GREEN,88,88,314000,134.71,2/5/2018,315000,135.14,3/21/2018,None
229,Sold,9093 QUAIL CREEK DR,3,2,0,2,2315,2,Shingle,10810,1990,Private,,HUNTERS GREEN,3,3,315000,136.07,5/29/2017,315000,136.07,6/28/2017,None
230,Sold,8784 ASHWORTH DR,4,3,0,3,2434,3,Shingle,10500,1992,Private,,HUNTER'S GREEN,92,92,334700,137.51,7/28/2017,315000,129.42,8/31/2017,None
231,Sold,18115  REGENTS SQUARE DR ,4,3,0,3,2463,3,Tile,9317,1996,Private,TRUE,HUNTERS GREEN PH 01,101,101,339900,138,1/26/2015,315000,127.89,2/26/2015,None
232,Sold,9059 QUAIL CREEK DR,4,2,1,3,2881,2,Shingle,8515,1989,Private,,HUNTERS GREEN PRCL 7,5,361,325000,112.81,12/11/2019,320000,111.07,1/9/2020,None
233,Sold,9413 AZALEA RIDGE CIR,4,3,0,3,2598,3,Shingle,9964,1997,Private,,HUNTERS GREEN PH 02,7,7,325000,125.1,5/11/2016,320000,123.17,7/22/2016,None
234,Sold,9305  POPLAR CREEK CT ,4,2,1,3,3235,2,Shingle,7800,1994,"Private, Community",,HUNTERS GREEN,10,10,330000,102.01,5/21/2015,321500,99.38,7/20/2015,None
235,Sold,9091 QUAIL CREEK DR,3,2,0,2,1863,2,Shingle,7130,1990,"Private, Community",FALSE,HUNTERS GREEN,30,30,345000,185.19,8/7/2018,321750,172.71,9/17/2018,None
236,Sold,8751  ASHWORTH DR ,4,3,0,3,2279,2,Shingle,9000,1996,Private,TRUE,HUNTERS GREEN,11,11,329900,144.76,1/15/2016,321900,141.25,3/4/2016,None
237,Sold,8759 ASHWORTH DR,4,3,0,3,2778,2,Shingle,9675,1995,None,,HUNTERS GREEN HAMPTON ON THE GREEN,77,77,329900,118.75,10/17/2019,322500,116.09,11/20/2019,None
238,Sold,9120  WOODRIDGE RUN DR ,4,3,0,3,3225,3,Tile,12150,1995,Private,,HUNTERS GREEN,289,289,329900,102.29,3/12/2016,322500,100,5/26/2016,None
239,Sold,8744 TANTALLON CIR,4,3,1,4,3435,3,Shingle,9600,1991,Private,TRUE,HUNTERS GREEN,41,378,325000,94.61,4/13/2016,323000,94.03,6/30/2016,None
240,Sold,17706 EMERALD GREEN PL,3,2,1,3,1961,2,Shingle,7150,1994,"Private, Community",,HUNTERS GREEN PRCL 18A PHAS,77,77,339000,172.87,8/10/2019,325000,165.73,10/1/2019,None
241,Sold,9065 QUAIL CREEK DR,3,2,0,2,2315,2,Shingle,8777,1989,Private,TRUE,HUNTERS GREEN,19,19,330000,142.55,8/29/2017,327000,141.25,9/27/2017,None
242,Sold,9101  FOXCHASE CIR ,4,2,0,2,2478,2,Tile,11610,1989,Private,,HUNTERS GREEN,138,138,325000,131.15,4/16/2015,327500,132.16,6/30/2015,None
243,Sold,18114 COURTNEY BREEZE DR,4,3,0,3,2202,2,Tile,15323,1995,Private,FALSE,HUNTERS GREEN PRCL 19 PH,1,1,329900,149.82,5/28/2019,328000,148.96,7/1/2019,None
244,Sold,8723 ASHWORTH DR,4,3,0,3,2595,3,Shingle,8999,1993,None,,HUNTERS GREEN,2,2,330000,127.17,9/30/2017,329000,126.78,11/14/2017,None
245,Sold,9355  WELLINGTON PARK CIR ,4,3,0,3,2676,3,Tile,9600,1995,Private,,HUNTERS GREEN PH 02,29,29,329000,122.94,8/21/2015,329000,122.94,8/31/2015,None
246,Sold,9208  MEADOW LANE CT ,4,3,0,3,2484,3,Tile,9000,1998,Private,TRUE,HUNTERS GREEN PH 02,23,23,347500,139.9,9/26/2015,329500,132.65,11/30/2015,None
247,Sold,9210 MEADOW LANE CT,5,3,1,4,3192,3,Tile,8999,1998,"Private, Community",TRUE,"HUNTER'S GREEN, HUNTERS GREEN",32,32,330000,103.38,7/30/2019,330000,103.38,9/10/2019,None
248,Sold,18111 COURTNEY BREEZE DR,4,2,0,2,2179,3,Tile,12784,1995,"Private, Community",TRUE,HUNTERS GREEN PH 01,12,12,349900,160.58,5/19/2019,330000,151.45,6/24/2019,None
249,Sold,9468 HUNTERS POND DR,4,3,0,3,2480,3,Shingle,7475,1996,Private,TRUE,HUNTERS GREEN PH 01,130,130,340000,137.1,2/10/2019,330000,133.06,4/8/2019,None
250,Sold,9306 KNIGHTSBRIDGE CT,4,3,0,3,2205,3,Shingle,7605,1993,Private,TRUE,HUNTERS GREEN PH 01,4,4,325000,147.39,10/1/2018,330000,149.66,1/10/2019,None
251,Sold,17517 EDINBURGH DR,3,3,0,3,2488,3,Shingle,11880,1991,"Private, Community",,HUNTERS GREEN PA 03,33,33,349900,140.64,8/15/2017,330000,132.64,10/2/2017,None
252,Sold,9353 WELLINGTON PARK CIR,4,3,0,3,2829,3,Tile,9600,1995,Private,,HUNTERS GREEN PH 02,28,28,329000,116.3,3/9/2017,330000,116.65,4/28/2017,None
253,Sold,9317 KNIGHTSBRIDGE CT,4,3,0,3,2541,3,Shingle,9350,1992,Private,,HUNTERS GREEN PH 01,15,15,330000,129.87,1/11/2017,330000,129.87,2/27/2017,None
254,Sold,8709  ASHWORTH DR ,4,3,0,3,2712,2,Shingle,9000,1991,Private,,HUNTERS GREEN,45,45,339000,125,12/10/2015,330000,121.68,2/5/2016,None
255,Sold,18103  REGENTS SQUARE DR ,4,3,0,3,2665,2,Tile,11664,1996,Private,,HUNTER'S GREEN PARCEL 19 PHASE,95,95,335000,125.7,9/12/2015,330000,123.83,10/14/2015,None
256,Sold,17523  EDINBURGH DR ,5,3,0,3,2853,3,Shingle,9680,1997,Private,TRUE,HUNTERS GREEN,26,26,329900,115.63,6/17/2015,330000,115.67,8/5/2015,None
257,Sold,17808 GREY BROOKE DR,3,2,0,2,2324,2,Tile,10873,1989,Private,FALSE,HUNTERS GREEN,11,11,330000,142,11/5/2018,331000,142.43,12/11/2018,None
258,Sold,17820 GREEN WILLOW DR,4,3,0,3,2488,2,Tile,15376,1993,Private,,HUNTERS GREEN,64,64,347500,139.67,8/23/2018,333500,134.04,8/31/2018,None
259,Sold,18153 REGENTS SQUARE DR,4,3,0,3,2751,3,Tile,9075,1997,"Private, Community",,HUNTERS GREEN PH 02,403,403,339999,123.59,5/1/2017,333500,121.23,6/30/2017,None
260,Sold,17808 EAGLE TRACE ST,4,3,0,3,2996,3,Tile,10560,1997,"Private, Community",,HUNTERS GREEN,145,256,350000,116.82,7/13/2018,334000,111.48,8/21/2018,None
261,Sold,9093 QUAIL CREEK DR,3,2,0,2,2315,2,Shingle,10810,1990,Private,TRUE,HUNTER'S GREEN,19,19,335000,144.71,3/24/2018,335000,144.71,5/7/2018,None
262,Sold,17827 OSPREY POINTE PL,4,3,0,3,3225,3,Tile,13050,1994,Private,,HUNTERS GREEN,170,170,450000,139.53,1/23/2018,335000,103.88,2/20/2018,None
263,Sold,17829 GREEN WILLOW DR,5,3,0,3,2924,2,Shingle,8625,1996,None,,HUNTERS GREEN,60,60,360000,123.12,6/26/2017,335000,114.57,10/31/2017,None
264,Sold,8708 BAY LAUREL CT,4,3,0,3,2778,2,Shingle,11926,1995,Private,,HUNTERS GREEN,176,176,339000,122.03,10/26/2016,335000,120.59,12/15/2016,None
265,Sold,9301 HERITAGE OAK CT,4,3,0,3,2651,2,Tile,9348,1993,Private,,HUNTER'S GREEN PARCEL 18A PH 2,170,170,339000,127.88,10/13/2016,335000,126.37,11/30/2016,None
266,Sold,8705 HIDDEN GREEN LN,4,3,0,3,2496,3,Shingle,9272,1994,"Private, Community",TRUE,HUNTERS GREEN,31,31,331900,132.97,11/13/2017,337000,135.02,12/21/2017,None
267,Sold,8744 TANTALLON CIR,4,3,1,4,3435,3,Shingle,9600,1991,Private,,HUNTERS GREEN,47,47,360000,104.8,3/22/2017,338900,98.66,4/7/2017,None
268,Sold,9307 WELLINGTON PARK CIR,5,3,0,3,2636,2,Tile,9600,1992,Private,,HUNTERS GREEN PH 01,48,74,369900,140.33,9/7/2018,339000,128.6,5/31/2019,None
269,Sold,9336 HAMPSHIRE PARK DR,4,3,1,4,2534,2,Shingle,7590,1996,Private,,HUNTERS GREEN PH 02,3,3,339900,134.14,5/11/2018,339900,134.14,6/8/2018,None
270,Sold,9308 WELLINGTON PARK CIR,5,3,0,3,2658,3,Tile,9750,1993,Private,,HUNTERS GREEN PH 01,1,1,339900,127.88,6/27/2017,339900,127.88,7/27/2017,None
271,Sold,8707 HIDDEN GREEN LN,4,3,0,3,2695,2,Shingle,10236,1994,Private,,HUNTERS GREEN,42,42,359900,133.54,7/18/2019,340000,126.16,9/3/2019,None
272,Sold,9318 HERITAGE OAK CT,5,2,1,3,3475,2,Shingle,9347,1992,None,TRUE,HUNTERS GREEN,7,7,365000,105.04,5/10/2018,340000,97.84,5/25/2018,None
273,Sold,8772 ASHWORTH DR,5,3,0,3,2695,2,Shingle,10695,1994,"Private, Community",,HUNTERS GREEN,89,89,339900,126.12,7/5/2018,340000,126.16,7/31/2018,None
274,Sold,8736 TANTALLON CIR,4,2,1,3,2838,2,Shingle,10000,1989,Private,,HUNTERS GREEN,85,85,350000,123.33,3/1/2018,340000,119.8,3/27/2018,None
275,Sold,9325 DEER CREEK DR,5,3,1,4,3026,3,Tile,14310,1995,Community,,HUNTERS GREEN,89,89,349000,115.33,7/5/2017,340000,112.36,7/31/2017,None
276,Sold,9328 WELLINGTON PARK CIR,4,3,0,3,2655,3,"Shingle, Tile",10004,1993,Private,,HUNTERS GREEN HUNTER'S GREEN,7,7,345000,129.94,9/21/2016,340000,128.06,10/31/2016,None
277,Sold,9034 QUAIL CREEK DR,5,2,1,3,2531,3,Shingle,10074,1991,"Private, Community",FALSE,HUNTERS GREEN PRCL 7,8,8,349900,138.25,9/25/2019,342000,135.12,11/4/2019,None
278,Sold,17818  HICKORY MOSS PL ,5,3,0,3,2982,3,Tile,13175,1995,Private,,HUNTERS GREEN PH 01,14,218,347000,116.36,5/26/2015,342000,114.69,7/15/2015,None
279,Sold,8750 ASHWORTH DR,4,3,0,3,2456,3,Shingle,9600,1995,Private,,HUNTERS GREEN,68,68,358400,145.93,1/6/2019,342500,139.45,1/31/2019,None
280,Sold,8908 COPPER RIDGE LN,4,2,1,3,2270,2,Shingle,10602,1994,Private,TRUE,HUNTERS GREEN PRCL 6,28,28,344900,151.94,7/25/2019,344900,151.94,9/6/2019,None
281,Sold,9322 WELLINGTON PARK CIR,4,3,0,3,2547,3,Tile,14344,1992,"Private, Community",TRUE,HUNTERS GREEN PH 01,98,98,359900,141.3,9/26/2018,345000,135.45,10/19/2018,None
282,Sold,18136 REGENTS SQUARE DR,4,3,0,3,2467,3,Tile,9000,1998,"Private, Community",,HUNTERS GREEN PH 02,62,62,349000,141.47,7/19/2017,345000,139.85,8/11/2017,None
283,Sold,18151 REGENTS SQUARE DR,4,3,0,3,2483,3,Tile,9000,1998,Private,TRUE,HUNTERS GREEN PH 02,102,102,357000,143.78,2/24/2017,345000,138.94,3/24/2017,None
284,Sold,8703 BROADGREEN CT,4,3,0,3,2627,2,Tile,11255,1993,"Private, Community",TRUE,HUNTERS GREEN,115,115,350000,133.23,12/12/2016,345000,131.33,1/11/2017,None
285,Sold,9115  CANBERLEY DR ,4,3,0,3,2959,2,Tile,10080,1989,Private,,HUNTERS GREEN/FOX CHASE,38,49,349900,118.25,4/1/2016,345000,116.59,5/6/2016,None
286,Sold,17821  HICKORY MOSS PL ,4,3,0,3,2518,3,Tile,13892,1995,Private,TRUE,HUNTERS GREEN PH 01,50,50,359000,142.57,8/18/2015,345000,137.01,10/7/2015,None
287,Sold,9225  HIGHLAND RIDGE WAY ,4,3,1,4,3085,3,Shingle,14416,1998,Private,,HUNTERS GREEN,141,141,374900,121.52,8/5/2015,345000,111.83,8/27/2015,None
288,Sold,17828 GREY BROOKE DR,3,2,1,3,2405,2,Tile,10660,1989,"Private, Community",FALSE,HUNTERS GREEN,15,15,350000,145.53,10/16/2019,346000,143.87,11/15/2019,None
289,Sold,9065 QUAIL CREEK DRIVE,3,2,0,2,2315,2,Shingle,8777,1989,Private,TRUE,HUNTERS GREEN,75,75,347000,149.89,5/23/2019,347000,149.89,6/28/2019,None
290,Sold,17924  HOLLY BROOK DR ,4,3,0,3,2864,3,Tile,13755,1994,Private,TRUE,HUNTERS GREEN,192,192,357500,124.83,1/4/2016,347000,121.16,1/20/2016,None
291,Sold,9311 DEER CREEK DR,4,3,0,3,2496,2,Tile,14534,1995,"Private, Community",FALSE,HUNTERS GREEN PH 02,7,7,375000,150.24,6/8/2018,349500,140.02,7/9/2018,None
292,Sold,17831 GREEN WILLOW DR,3,3,0,3,2945,3,Tile,8625,1990,None,,HUNTERS GREEN WYNSTONE,74,74,364900,123.9,10/15/2019,350000,118.85,12/31/2019,None
293,Sold,9313 HERITAGE OAK CT,4,3,0,3,3230,2,Shingle,7150,1996,"Private, Community",,HUNTERS GREEN PH 02,215,215,367900,113.9,7/8/2018,350000,108.36,8/8/2018,None
294,Sold,8731 ASHWORTH DR,4,3,0,3,2531,3,Shingle,9750,1996,"Private, Community",,HUNTERS GREEN,2,2,350000,138.29,11/11/2017,350000,138.29,12/13/2017,None
295,Sold,9355 WELLINGTON PARK CIR,4,3,0,3,2630,3,Tile,9600,1995,Private,,HUNTERS GREEN PH 02,4,4,350000,133.08,10/3/2017,350000,133.08,11/27/2017,None
296,Sold,17407 HEATHER OAKS PL,4,3,0,3,2594,2,Tile,12838,1991,Private,,HUNTERS GREEN,16,16,350000,134.93,6/13/2016,351450,135.49,7/29/2016,None
297,Sold,9338 WELLINGTON PARK CIR,4,3,0,3,2516,3,Tile,11088,1994,Private,,HUNTERS GREEN,17,17,349900,139.07,6/22/2017,352000,139.9,8/16/2017,None
298,Sold,17510 EDINBURGH DR,4,3,0,3,2858,3,Shingle,12765,1990,Private,TRUE,HUNTERS GREEN,80,80,365000,127.71,9/23/2017,352500,123.34,10/27/2017,None
299,Sold,18115  REGENTS SQUARE DR ,4,3,0,3,2463,3,Tile,9317,1996,Private,TRUE,HUNTERS GREEN PH 01,35,35,364900,148.15,10/3/2015,352500,143.12,10/30/2015,None
300,Sold,8732 ASHWORTH DR,4,3,0,3,2280,3,Shingle,12148,1995,"Private, Community",TRUE,HUNTERS GREEN,17,17,355000,155.7,10/9/2018,355000,155.7,11/20/2018,None
301,Sold,8715 HIDDEN GREEN LN,4,3,0,3,2804,3,Shingle,11205,1994,"Private, Community",,HUNTERS GREEN,14,14,359900,128.35,11/6/2017,355000,126.6,12/19/2017,None
302,Sold,8730 TANTALLON CIR,4,3,0,3,2648,3,Shingle,10000,1995,Private,TRUE,HUNTERS GREEN,39,39,364999,137.84,2/17/2017,355000,134.06,4/17/2017,None
303,Sold,18105 REGENTS SQUARE DR,4,3,0,3,3027,3,Tile,12450,1995,Private,,HUNTERS GREEN PH 01,74,74,359900,118.9,5/22/2016,355000,117.28,7/1/2016,None
304,Sold,9311  CYPRESS BEND DR ,4,3,0,3,2690,2,Tile,10686,1996,Private,TRUE,HUNTERS GREEN,254,254,365000,135.69,1/9/2016,357000,132.71,3/24/2016,None
305,Sold,17847 GREEN WILLOW DR,3,2,0,2,2191,2,Tile,8895,1989,Private,FALSE,HUNTERS GREEN - WYNSTONE,3,3,359900,164.26,10/2/2019,359900,164.26,11/19/2019,None
306,Sold,9305 CYPRESS BEND DR,4,3,0,3,2715,2,Tile,12000,1995,Private,,HUNTERS GREEN,72,72,375000,138.12,7/27/2017,360000,132.6,8/28/2017,None
307,Sold,17712  GREY EAGLE RD ,4,3,0,3,2721,3,Tile,10625,1991,Private,TRUE,HUNTERS GREEN,43,43,379900,139.62,1/31/2015,360000,132.3,3/5/2015,None
308,Sold,17824  OSPREY POINTE PL ,4,3,0,3,2685,2,Tile,13950,1993,Private,,HUNTERS GREEN,144,144,374990,139.66,2/15/2015,360000,134.08,4/10/2015,None
309,Sold,8706  CYPRESS MILL CT ,5,3,0,3,2822,3,Tile,12070,1995,Private,,HUNTERS GREEN,28,28,369900,131.08,1/30/2015,360900,127.89,2/26/2015,None
310,Sold,9331 DEER CREEK DR,4,3,0,3,2581,2,Tile,13175,1995,"Private, Community",FALSE,HUNTERS GREEN PH 02,42,42,369000,142.97,11/24/2018,362500,140.45,12/19/2018,None
311,Sold,17415  HEATHER OAKS PL ,4,3,0,3,2503,3,Tile,17600,1990,Private,,HUNTERS GREEN,17,17,369500,147.62,10/5/2015,362500,144.83,11/16/2015,None
312,Sold,9325 CYPRESS BEND DR,4,3,0,3,2866,2,Tile,10400,1998,Private,,HUNTERS GREEN,32,121,375000,130.84,9/23/2018,363000,126.66,10/29/2018,None
313,Sold,9316 WELLINGTON PARK CIR,4,3,0,3,2532,3,Tile,10400,1993,Private,TRUE,HUNTERS GREEN PRCL 14A PH 01,3,3,359000,141.79,8/12/2017,363000,143.36,9/26/2017,None
314,Sold,9353 WELLINGTON PARK CIR,4,3,0,3,2829,3,Tile,9600,1995,Private,,HUNTERS GREEN PH 02,34,34,368999,130.43,7/22/2018,363400,128.46,8/23/2018,None
315,Sold,17809 HICKORY MOSS PL,4,3,0,3,2527,2,Tile,11050,1995,Private,,HUNTERS GREEN PH 01,39,39,365000,144.44,4/15/2019,365000,144.44,5/17/2019,None
316,Sold,17727 GREY EAGLE RD,4,3,0,3,2500,2,Tile,11658,1996,Private,,HUNTERS GREEN,74,74,375000,150,2/10/2018,365000,146,3/8/2018,None
317,Sold,17855 GREEN WILLOW DR,3,3,1,4,2999,3,Tile,8625,1990,"Private, Community",,"HUNTERS GREEN, WYNSTONE",1,1,365000,121.71,8/31/2017,365000,121.71,10/10/2017,None
318,Sold,9157  HIGHLAND RIDGE WAY ,4,3,0,3,3157,3,Tile,13939,1996,"Private, Community",,HUNTERS GREEN PARCEL 13,108,108,369000,116.88,11/2/2015,365000,115.62,12/30/2015,None
319,Sold,17701  GREY EAGLE RD ,4,3,0,3,2538,3,Tile,13244,1994,Private,,HUNTERS GREEN,78,78,365000,143.81,6/22/2015,365000,143.81,7/28/2015,None
320,Sold,17813 GREEN WILLOW DR,3,2,1,3,2940,3,Tile,9000,1989,Private,TRUE,HUNTERS GREEN - WYNSTONE,0,0,369000,125.51,8/1/2018,367000,124.83,9/17/2018,None
321,Sold,17846 GREEN WILLOW DR,4,3,0,3,2527,2,Tile,11552,1994,"Private, Community",,HUNTERS GREEN,0,0,369000,146.02,3/5/2018,369000,146.02,3/28/2018,None
322,Sold,17941 HOLLY BROOK DR,4,2,1,3,2920,3,Tile,9000,1993,Private,,HUNTERS GREEN,25,25,369900,126.68,12/3/2016,369000,126.37,1/13/2017,None
323,Sold,17833 GREEN WILLOW DR,3,3,0,3,3028,3,Tile,9775,1994,Private,TRUE,HUNTERS GREEN HUNTER'S GREEN,142,142,378000,124.83,1/12/2019,370000,122.19,2/11/2019,None
324,Sold,8702 TANTALLON CIR,4,3,1,4,3641,1,Shingle,11069,1990,"Private, Community",TRUE,HUNTER'S GREEN PARCEL 3,64,64,375000,102.99,4/16/2016,370000,101.62,5/27/2016,None
325,Sold,18106 REGENTS SQUARE DR,4,3,0,3,2638,3,Tile,18340,1995,"Private, Community",,HUNTERS GREEN PH 01,16,16,385000,145.94,5/21/2016,373000,141.39,7/5/2016,None
326,Sold,18115 REGENTS SQUARE DR,4,3,0,3,2463,3,Tile,9317,1996,"Private, Community",TRUE,HUNTERS GREEN PH 01,77,77,374900,152.21,11/2/2018,374900,152.21,12/10/2018,None
327,Sold,9432 HUNTERS POND DR,4,3,0,3,2467,3,Shingle,8712,1998,"Private, Community",TRUE,HUNTERS GREEN PRCL 24 PH,8,8,379900,153.99,5/24/2019,375000,152.01,6/28/2019,None
328,Sold,17812 EAGLE TRACE ST,4,3,0,3,2680,2,Tile,11400,1997,Private,TRUE,HUNTERS GREEN,51,51,375000,139.93,6/7/2019,375000,139.93,7/11/2019,None
329,Sold,17517 EDINBURGH DR,3,3,0,3,2488,3,Shingle,11880,1991,"Private, Community",TRUE,HUNTERS GREEN PA 03,3,3,399000,160.37,1/11/2019,375000,150.72,2/28/2019,None
330,Sold,9346 WELLINGTON PARK CIR,4,3,0,3,2824,3,Tile,9840,1994,Private,TRUE,HUNTER'S GREEN,153,153,384900,136.3,3/28/2018,375000,132.79,4/25/2018,None
331,Sold,17724 GREY EAGLE RD,4,3,0,3,2783,3,Tile,9775,1994,Private,TRUE,HUNTERS GREEN,10,10,379900,136.51,5/20/2017,375000,134.75,6/30/2017,None
332,Sold,9103 HIGHLAND RIDGE WAY,5,3,0,3,2597,2,Tile,17460,1994,Private,TRUE,HUNTERS GREEN,29,29,385000,148.25,2/24/2017,375000,144.4,4/19/2017,None
333,Sold,17827  GREEN WILLOW DR ,5,3,0,3,3020,2,Tile,8625,1992,None,,HUNTERS GREEN,6,6,389900,129.11,6/13/2015,375690,124.4,7/28/2015,None
334,Sold,9323 CYPRESS BEND DR,4,3,0,3,2680,2,Tile,10400,1997,Community,,HUNTERS GREEN,29,29,385000,143.66,5/1/2018,378000,141.04,6/29/2018,None
335,Sold,9206 MEADOW LANE CT,5,3,0,3,3037,3,Tile,9000,1998,Private,,HUNTERS GREEN PH 02,39,39,385000,126.77,3/5/2017,378000,124.46,5/1/2017,None
336,Sold,17705 GREY EAGLE RD,4,3,0,3,3068,3,Tile,11658,1991,"Private, Community",,HUNTERS GREEN,219,219,395000,128.75,6/17/2017,378500,123.37,6/30/2017,None
337,Sold,17822 EAGLE TRACE ST,4,3,0,3,2537,3,Tile,9680,1996,Community,,HUNTERS GREEN PRCL 21,73,73,395000,155.7,10/5/2017,380000,149.78,11/13/2017,None
338,Sold,17415 HEATHER OAKS PL,4,3,0,3,2503,3,Tile,17600,1990,"Private, Community",,HUNTERS GREEN,2,2,385000,153.82,6/7/2017,380000,151.82,7/7/2017,None
339,Sold,8706 ASHWORTH DR,4,3,0,3,2516,3,Shingle,12330,1992,Private,,"HUNTER'S GREEN, HUNTERS GREEN",3,3,384900,152.98,5/20/2019,382000,151.83,6/24/2019,None
340,Sold,17820 HICKORY MOSS PL,4,2,1,3,2889,3,Tile,11305,1994,Private,,HUNTERS GREEN,59,59,382000,132.23,5/2/2018,382000,132.23,5/25/2018,None
341,Sold,9310 CYPRESS BEND DR,4,3,0,3,2667,2,Tile,9600,1996,"Private, Community",,HUNTERS GREEN,17,17,385000,144.36,4/23/2018,383000,143.61,6/6/2018,None
342,Sold,9326 WELLINGTON PARK CIR,4,3,0,3,2831,3,Tile,10824,1992,Private,TRUE,HUNTERS GREEN PRCL 14A PH 1,12,12,400000,141.29,2/22/2018,383000,135.29,3/29/2018,None
343,Sold,17807 GREEN WILLOW DR,5,3,0,3,2900,3,Tile,11900,1991,Private,TRUE,HUNTERS GREEN,10,10,385000,132.76,10/17/2016,383000,132.07,11/21/2016,None
344,Sold,9307 HAMPSHIRE PARK DR,5,2,1,3,3235,2,Shingle,8125,1994,"Private, Community",FALSE,HUNTERS GREEN PRCL 18A PH 1,10,10,384900,118.98,12/4/2018,384900,118.98,1/11/2019,None
345,Sold,9208 MEADOW LANE CT,4,3,0,3,2484,3,Tile,9000,1998,Private,FALSE,HUNTERS GREEN PH 02,1,1,384900,154.95,6/5/2018,384900,154.95,7/6/2018,None
346,Sold,9303 WELLINGTON PARK CRK,4,3,0,3,2710,3,Tile,9960,1995,"Private, Community",,HUNTER'S GREEN,18,18,385000,142.07,4/6/2018,385000,142.07,5/21/2018,None
347,Sold,8704 CYPRESS MILL CT,4,2,1,3,2950,3,Other,10764,1994,Private,,HUNTERS GREEN,62,62,389900,132.17,3/15/2017,385000,130.51,4/28/2017,None
348,Sold,17939 HOLLY BROOK DR,4,3,0,3,2484,2,Tile,9150,1993,"Private, Community",TRUE,HUNTERS GREEN,2,2,389900,156.96,5/6/2017,387000,155.8,6/14/2017,None
349,Sold,18103 COURTNEY BREEZE DR,4,3,0,3,2680,3,Tile,11648,1995,Private,TRUE,HUNTERS GREEN PH 01,3,3,389000,145.15,3/19/2019,387500,144.59,4/23/2019,None
350,Sold,9304 WELLINGTON PARK CIR,5,3,0,3,2608,3,Tile,9875,1993,Private,FALSE,HUNTERS GREEN PRCL 14A PHAS 1 LOT 2,43,43,395000,151.46,7/25/2019,389000,149.16,8/26/2019,None
351,Sold,17530 EDINBURGH DR,4,2,1,3,2909,3,Shingle,11300,1989,Private,FALSE,HUNTERS GREEN,95,95,389900,134.03,11/2/2018,389900,134.03,11/19/2018,None
352,Sold,18117 REGENTS SQUARE DR,4,3,1,4,3322,3,Tile,9317,1997,Private,,HUNTERS GREEN PH 02,37,37,389900,117.37,3/15/2017,389900,117.37,4/14/2017,None
353,Sold,9219 HIGHLAND RIDGE WAY,5,3,0,3,2869,3,Tile,12150,1998,"Private, Community",TRUE,HUNTERS GREEN,23,23,410000,142.91,9/12/2016,390000,135.94,10/14/2016,None
354,Sold,9305  CYPRESS BEND DR ,4,3,0,3,2715,2,Tile,12000,1995,Private,TRUE,HUNTERS GREEN,14,14,400000,147.33,4/15/2015,390000,143.65,5/26/2015,None
355,Sold,8733  TANTALLON CIR ,5,4,0,4,2990,3,Shingle,10800,1997,Private,TRUE,HUNTERS GREEN,36,36,399900,133.75,1/22/2015,390000,130.43,2/26/2015,None
356,Sold,17515 EDINBURGH DR,4,4,0,4,3920,3,Shingle,10800,1991,Private,TRUE,HUNTERS GREEN PA 3,11,11,415000,105.87,10/22/2016,392000,100,11/28/2016,None
357,Sold,17710 GREY EAGLE RD,4,3,0,3,2853,3,Tile,10875,1993,Private,TRUE,HUNTERS GREEN,23,70,399000,139.85,7/19/2017,392500,137.57,9/1/2017,None
358,Sold,9328 WELLINGTON PARK CIR,5,3,0,3,2655,3,Tile,10004,1993,Private,FALSE,HUNTERS GREEN PH 01,2,2,399500,150.47,10/13/2018,393000,148.02,11/16/2018,None
359,Sold,18105 COURTNEY BREEZE DR,5,3,0,3,3044,3,Tile,9922,1995,None,FALSE,HUNTERS GREEN PH 01,117,263,399900,131.37,9/17/2019,395000,129.76,11/4/2019,None
360,Sold,18128  COURTNEY BREEZE DR ,4,3,0,3,2557,3,Tile,21150,1997,Private,TRUE,HUNTERS GREEN PH 02,57,57,395000,154.48,2/27/2016,395000,154.48,3/16/2016,None
361,Sold,17826  GREY BROOKE DR ,4,3,0,3,2861,2,Tile,10742,1989,Private,TRUE,HUNTERS GREEN - FOX CHASE SECTION,5,5,400000,139.81,3/12/2015,395000,138.06,5/15/2015,None
362,Sold,9307 CYPRESS BEND DR,5,4,1,5,3590,3,Tile,14560,1997,Private,,HUNTERS GREEN,163,163,420000,116.99,2/10/2018,397000,110.58,3/15/2018,None
363,Sold,9165 HIGHLAND RIDGE WAY,3,2,1,3,3011,2,Tile,12690,1996,"Private, Community",,HUNTERS GREEN,62,62,399000,132.51,5/16/2017,399000,132.51,6/30/2017,None
364,Sold,17523 EDINBURGH DR,5,3,0,3,2875,,Shingle,9680,1997,"Private, Community",TRUE,HUNTERS GREEN,12,12,399900,139.1,7/8/2017,399900,139.1,8/9/2017,None
365,Sold,17812 GREEN WILLOW DR,4,3,0,3,2488,2,Tile,11550,1994,Private,,HUNTERS GREEN,37,37,399900,160.73,2/29/2016,399900,160.73,4/2/2016,None
366,Sold,8820 HEATHER GLEN CT,4,3,1,4,3120,2,Tile,15877,1992,Private,TRUE,HUNTERS GREEN,10,10,399900,128.17,3/11/2018,399910,128.18,3/30/2018,None
367,Sold,17723 GREY EAGLE RD,4,3,0,3,2755,3,Tile,10044,1990,Private,,HUNTERS GREEN,19,19,410000,148.82,9/20/2017,400000,145.19,10/20/2017,None
368,Sold,9150  HIGHLAND RIDGE WAY ,4,3,0,3,2753,3,Tile,12376,1995,Private,,HUNTERS GREEN,43,43,400000,145.3,5/19/2015,400000,145.3,6/30/2015,None
369,Sold,17515  EDINBURGH DR ,4,3,0,3,3920,3,Shingle,10800,1991,Private,,HUNTERS GREEN PA 3,68,269,400000,102.04,3/6/2015,400000,102.04,4/2/2015,None
370,Sold,9327 WELLINGTON PARK CIR,5,3,0,3,2605,3,Tile,9680,1993,Private,TRUE,HUNTERS GREEN PRCL 14A PHAS,8,8,409000,157.01,8/2/2019,403000,154.7,9/3/2019,None
371,Sold,9328 WELLINGTON PARK CIR,5,3,0,3,2655,3,Tile,10004,1993,Private,FALSE,HUNTERS GREEN PRCL 14A PHAS,5,5,414900,156.27,10/15/2019,405000,152.54,11/12/2019,None
372,Sold,9346 WELLINGTON PARK CIR,5,3,0,3,2824,3,Tile,9840,1994,Private,TRUE,HUNTERS GREEN PRCL 14A PHAS,43,43,409000,144.83,12/9/2019,405000,143.41,12/18/2019,None
373,Sold,9302 DEER CREEK DR,4,3,0,3,2554,3,Tile,18648,1996,Private,,HUNTERS GREEN,14,14,419000,164.06,6/6/2019,405000,158.57,7/10/2019,None
374,Sold,9342 WELLINGTON PARK CIR,5,3,0,3,2697,2,Tile,15066,1993,Private,,HUNTERS GREEN PH 02,12,12,419900,155.69,7/23/2018,405000,150.17,9/10/2018,None
375,Sold,8765 ASHWORTH DR,4,3,0,3,3536,2,Shingle,9882,1994,Private,,HUNTERS GREEN,9,9,420000,118.78,4/5/2018,405000,114.54,5/31/2018,None
376,Sold,9317 DEER CREEK DR,5,3,0,3,3141,3,Tile,13398,1997,Private,,HUNTERS GREEN PH 02,7,7,419000,133.4,3/13/2016,407000,129.58,4/29/2016,None
377,Sold,9111  HIGHLAND RIDGE WAY ,4,3,0,3,3310,3,Tile,19575,1994,Private,TRUE,HUNTERS GREEN,103,103,429900,129.88,8/16/2015,410000,123.87,9/21/2015,None
378,Sold,8814 HEATHER GLEN CT,4,2,2,4,2704,3,Tile,12528,1992,Private,,HUNTERS GREEN / HEATHER DOWNS,9,9,429000,158.65,11/10/2017,412500,152.55,12/14/2017,None
379,Sold,17410 HEATHER OAKS PL,3,3,0,3,2912,3,Tile,11250,1993,Private,FALSE,HUNTERS GREEN,98,98,429000,147.32,8/24/2019,415000,142.51,9/25/2019,None
380,Sold,17818 GREY BROOKE DR,4,3,0,3,2861,2,Tile,11830,1989,Private,,HUNTERS GREEN,153,153,425000,148.55,5/30/2019,415000,145.05,7/15/2019,None
381,Sold,9106 CANBERLEY DR,4,3,1,4,3145,3,Tile,12642,1989,Private,,HUNTERS GREEN/FOX CHASE,27,27,425000,135.14,7/12/2016,415000,131.96,8/4/2016,None
382,Sold,17515 EDINBURGH DR,4,3,1,4,3920,3,Shingle,10800,1991,Private,FALSE,HUNTERS GREEN,1,98,425000,108.42,10/25/2019,419000,106.89,11/26/2019,None
383,Sold,17417 HEATHER OAKS PL,4,3,0,3,2509,3,Tile,16160,1993,Private,FALSE,HUNTERS GREEN,37,37,419900,167.36,1/7/2019,419000,167,2/14/2019,None
384,Sold,9114 CANBERLEY DR,4,3,0,3,2876,2,Tile,11050,1989,Private,,HUNTERS GREEN,49,49,430000,149.51,9/25/2017,419000,145.69,10/30/2017,None
385,Sold,9110 WOODRIDGE RUN DR,4,3,0,3,3144,3,Tile,12150,1997,Private,,HUNTERS GREEN,36,36,445000,141.54,3/20/2018,420000,133.59,5/15/2018,None
386,Sold,17815 HICKORY MOSS PL,4,3,0,3,2585,3,Tile,14875,1995,Private,TRUE,HUNTERS GREEN PARCEL 14 B PHASE 1,2,2,429000,165.96,3/8/2019,423500,163.83,4/5/2019,None
387,Sold,9312 DEER CREEK DR,5,3,0,3,3099,3,Tile,12040,1996,"Private, Community",TRUE,HUNTERS GREEN PH 02,6,6,449900,145.18,2/9/2018,424000,136.82,3/12/2018,None
388,Sold,9326 DEER CREEK DR,5,2,1,3,3240,4,Tile,11390,1995,Private,,HUNTERS GREEN HUNTER'S GREEN,13,13,424000,130.86,1/24/2018,424000,130.86,3/15/2018,None
389,Sold,8701 WINDELSTRAW WAY,4,3,0,3,2905,3,Shingle,19620,1993,Private,,HUNTER'S GREEN,0,0,425000,146.3,5/25/2018,425000,146.3,6/28/2018,None
390,Sold,17805 RIDGEWAY CT,4,3,0,3,2876,3,Tile,12285,1994,Private,TRUE,HUNTERS GREEN,64,64,480000,166.9,6/4/2017,425000,147.77,7/7/2017,None
391,Sold,9106 HIGHLAND RIDGE WAY,4,3,0,3,2930,3,Tile,13050,1994,Private,TRUE,HUNTERS GREEN,40,40,445900,152.18,4/20/2016,425000,145.05,6/17/2016,None
392,Sold,9108 HIGHLAND RIDGE WAY,4,3,0,3,2695,3,Tile,13050,1994,Private,TRUE,HUNTERS GREEN,8,8,449900,166.94,3/23/2018,427000,158.44,4/6/2018,None
393,Sold,17521 EDINBURGH DR,4,3,0,3,2789,3,Shingle,9680,1994,Private,TRUE,HUNTERS GREEN,5,5,434900,155.93,8/8/2018,427500,153.28,9/6/2018,None
394,Sold,17822 HICKORY MOSS PL,4,3,0,3,2827,3,Tile,20532,1995,Private,TRUE,HUNTERS GREEN PH 01,31,31,449900,159.14,7/21/2017,429500,151.93,9/15/2017,None
395,Sold,18132 REGENTS SQUARE DR,5,4,1,5,3242,3,Tile,15480,1996,Private,FALSE,HUNTERS GREEN PRCL 19 PH 02,98,98,434900,134.15,6/28/2019,430000,132.63,8/26/2019,None
396,Sold,8758 ASHWORTH DR,5,3,0,3,3701,3,Shingle,8625,1995,Private,FALSE,"HUNTER'S GREEN, HUNTERS GREEN",19,19,449000,121.32,4/25/2019,430000,116.18,5/14/2019,None
397,Sold,8961 MAGNOLIA CHASE CIR,4,2,1,3,3037,3,Tile,19200,1990,"Private, Community",,HUNTERS GREEN,62,62,442500,145.7,6/13/2018,430000,141.59,7/13/2018,None
398,Sold,9176  HIGHLAND RIDGE WAY ,4,3,1,4,3184,3,Tile,11500,1997,Private,,HUNTERS GREEN,70,70,439900,138.16,6/24/2015,430000,135.05,7/27/2015,None
399,Sold,9322 DEER CREEK DR,5,3,1,4,3120,3,Tile,13939,1995,Private,,HUNTERS GREEN,7,7,439000,140.71,3/18/2016,432000,138.46,5/12/2016,None
400,Sold,17935  HOLLY BROOK DR ,4,2,1,3,3340,3,Tile,12166,1992,"Private, Community",TRUE,HUNTERS GREEN,41,41,445000,133.23,10/21/2015,432000,129.34,12/17/2015,None
401,Sold,18126 COURTNEY BREEZE DR,4,3,0,3,2892,3,Tile,14400,1997,Private,,HUNTERS GREEN PH 02,4,4,450000,155.6,3/31/2018,435000,150.41,6/4/2018,None
402,Sold,9114 WOODRIDGE RUN DR,4,3,0,3,2943,3,Tile,12741,1996,Private,,HUNTERS GREEN,4,4,445000,151.21,6/8/2018,437000,148.49,9/17/2018,None
403,Sold,17503 EDINBURGH DR,4,4,0,4,3478,3,Shingle,10664,1994,Private,TRUE,HUNTERS GREEN,130,130,450000,129.38,7/26/2018,437500,125.79,8/21/2018,None
404,Sold,9214 MEADOW LANE CT,5,4,0,4,3182,2,Tile,13200,1996,"Private, Community",,HUNTERS GREEN PH 02,187,187,450000,141.42,7/22/2016,438000,137.65,8/26/2016,None
405,Sold,18106 COURTNEY BREEZE DR,4,3,1,4,3070,3,Tile,14378,1997,"Private, Community",TRUE,HUNTERS GREEN PH 01,2,2,450000,146.58,5/3/2019,440000,143.32,6/3/2019,None
406,Sold,17505 EDINBURGH DR,4,4,0,4,3431,3,Shingle,9960,1991,Private,,HUNTERS GREEN PA 03,14,14,447000,130.28,3/5/2019,440000,128.24,3/25/2019,None
407,Sold,8804 HEATHER GLEN CT,4,3,0,3,3276,3,Tile,12616,1994,Private,TRUE,HUNTERS GREEN / HEATHER DOWNS,58,58,459000,140.11,6/3/2017,440000,134.31,7/13/2017,None
408,Sold,18142  REGENTS SQUARE DR ,4,2,1,3,3210,3,Tile,9000,1997,Private,TRUE,HUNTERS GREEN,226,226,449900,140.16,7/22/2016,442600,137.88,8/22/2016,None
409,Sold,9108  WOODRIDGE RUN DR ,4,3,1,4,3682,3,Tile,12150,1995,Private,TRUE,HUNTERS GREEN,212,212,449000,121.94,10/23/2015,445000,120.86,12/1/2015,None
410,Sold,18106 COURTNEY BREEZE DR,4,3,1,4,3070,3,Tile,14378,1997,"Private, Community",TRUE,HUNTERS GREEN PH 01,318,318,435900,141.99,7/3/2017,445900,145.24,8/1/2017,None
411,Sold,9204  HIGHLAND RIDGE WAY ,4,3,1,4,3081,3,Tile,16872,1998,Private,,HUNTERS GREEN,93,93,479900,155.76,3/23/2015,446000,144.76,4/17/2015,None
412,Sold,9103 HIGHLAND RIDGE WAY,4,3,0,3,2597,2,Tile,17460,1994,"Private, Community",TRUE,HUNTERS GREEN,34,34,449900,173.24,12/24/2018,448500,172.7,1/30/2019,None
413,Sold,9166 HIGHLAND RIDGE WAY,4,3,0,3,3380,3,Tile,12148,1996,Private,TRUE,HUNTER'S GREEN,69,69,489000,144.67,4/5/2018,450000,133.14,5/7/2018,None
414,Sold,9112  WOODRIDGE RUN DR ,4,3,0,3,2936,3,Tile,12878,1995,Private,,"HUNTERS GREEN, HUNTER'S GREEN",126,126,465000,158.38,6/26/2015,450000,153.27,8/14/2015,None
415,Sold,17807  OSPREY POINTE PL ,4,4,1,5,3295,3,Tile,14911,1993,Private,,HUNTER'S GREEN PARCEL 15,62,62,455000,138.09,2/3/2015,450000,136.57,3/19/2015,None
416,Sold,9138  HIGHLAND RIDGE WAY ,4,4,0,4,3680,3,Tile,12690,1996,Private,TRUE,HUNTERS GREEN,192,192,484900,131.77,10/31/2015,454000,123.37,12/29/2015,None
417,Sold,8911  MAGNOLIA CHASE CIR ,5,3,1,4,3646,3,Tile,16912,1995,Private,TRUE,HUNTERS GREEN,128,128,499900,137.11,6/2/2015,455000,124.79,7/16/2015,None
418,Sold,9115 WOODRIDGE RUN DR,4,3,0,3,2668,3,Tile,15618,1997,"Private, Community",TRUE,HUNTER'S GREEN PARCEL 13,18,18,465000,174.29,8/24/2018,460000,172.41,10/15/2018,None
419,Sold,9149 HIGHLAND RIDGE WAY,5,3,1,4,3093,3,Tile,12510,1998,Private,TRUE,HUNTERS GREEN,94,94,484900,156.77,8/14/2017,460000,148.72,11/15/2017,None
420,Sold,18133 REGENTS SQUARE DR,4,3,1,4,3806,3,Tile,9796,1997,"Private, Community",,HUNTERS GREEN PRCL 19 PH 2,26,26,469900,123.46,6/2/2017,460000,120.86,7/28/2017,None
421,Sold,17820 GREY BROOKE DR,4,3,2,5,3394,2,Tile,10660,1989,"Private, Community",TRUE,HUNTERS GREEN/FOX CHASE,32,32,470000,138.48,4/10/2017,460000,135.53,5/31/2017,None
422,Sold,9145 HIGHLAND RIDGE WAY,4,3,0,3,2839,2,Tile,16335,1997,Private,FALSE,HUNTERS GREEN PRCL 13,26,26,464900,163.75,6/12/2019,465000,163.79,7/15/2019,None
423,Sold,9150 HIGHLAND RIDGE WAY,4,3,0,3,2753,3,"Concrete, Tile",12376,1995,Private,TRUE,HUNTERS GREEN,75,75,479000,173.99,8/17/2019,470000,170.72,9/27/2019,None
424,Sold,17513 EDINBURGH DR,6,4,0,4,3793,3,Shingle,13200,1991,Private,TRUE,HUNTERS GREEN PARCEL 3,6,6,479900,126.52,5/12/2019,470000,123.91,6/24/2019,None
425,Sold,9120 WOODRIDGE RUN DR,4,3,0,3,3225,3,Tile,12150,1995,Private,,HUNTERS GREEN,98,98,479900,148.81,5/17/2019,470000,145.74,6/18/2019,None
426,Sold,9338  DEER CREEK DR ,6,4,1,5,3381,2,Tile,12325,1996,Private,,HUNTERS GREEN PH 02,46,185,489900,144.9,5/8/2015,470000,139.01,5/26/2015,None
427,Sold,9167 HIGHLAND RIDGE WAY,5,3,1,4,3459,3,Tile,14040,1996,"Private, Community",,HUNTERS GREEN,218,218,499990,144.55,8/29/2018,475000,137.32,9/21/2018,None
428,Sold,9138 HIGHLAND RIDGE WAY,4,4,0,4,3680,3,Tile,12690,1996,Private,TRUE,HUNTERS GREEN,191,191,500000,135.87,6/12/2018,475000,129.08,7/13/2018,None
429,Sold,17815  OSPREY POINTE PL ,4,3,1,4,3350,3,Tile,17200,1995,Private,TRUE,HUNTER'S GREEN,20,20,495000,147.76,2/12/2015,477500,142.54,5/12/2015,None
430,Sold,9220 PINE ISLAND CT,4,3,0,3,3780,3,Tile,13950,1997,Private,TRUE,HUNTERS GREEN,69,69,525000,138.89,6/25/2018,478000,126.46,7/6/2018,None
431,Sold,8952  MAGNOLIA CHASE CIR ,4,3,1,4,3739,3,Tile,25631,1994,Private,TRUE,HUNTERS GREEN,163,163,485000,129.71,11/22/2015,480000,128.38,1/22/2016,None
432,Sold,9114 HIGHLAND RIDGE WAY,5,3,0,3,3825,3,Tile,35316,1994,Private,,HUNTERS GREEN,234,234,504900,132,4/6/2017,482000,126.01,5/26/2017,None
433,Sold,17414 HEATHER OAKS PL,5,3,1,4,3115,3,Tile,11250,1994,"Private, Community",TRUE,HUNTERS GREEN,19,19,489900,157.27,2/25/2019,485000,155.7,4/12/2019,None
434,Sold,9156 HIGHLAND RIDGE WAY,4,3,0,3,3008,3,Tile,14595,1995,"Private, Community",,HUNTERS GREEN,23,23,485000,161.24,6/24/2018,485000,161.24,7/18/2018,None
435,Sold,17823 OSPREY POINTE PL,4,3,0,3,3210,3,Tile,13050,1994,Private,TRUE,HUNTERS GREEN,121,121,500000,155.76,7/24/2017,485000,151.09,8/16/2017,None
436,Sold,9107  WOODRIDGE RUN DR ,4,3,1,4,3525,3,Tile,16416,1998,Private,TRUE,HUNTERS GREEN,30,30,495000,140.43,11/4/2015,489000,138.72,12/18/2015,None
437,Sold,9174 HIGHLAND RIDGE WAY,4,3,1,4,3633,3,Tile,11132,1997,Private,TRUE,HUNTERS GREEN,21,21,499900,137.6,5/6/2019,495000,136.25,8/1/2019,None
438,Sold,9178 HIGHLAND RIDGE WAY,5,3,1,4,3464,3,Tile,13650,1997,"Private, Community",FALSE,HUNTERS GREEN,13,273,500000,144.34,9/23/2018,495000,142.9,11/1/2018,None
439,Sold,9148 HIGHLAND RIDGE WAY,5,3,0,3,3010,3,Tile,12285,1995,"Private, Community",TRUE,HUNTERS GREEN,46,46,500000,166.11,8/17/2018,500000,166.11,9/27/2018,None
440,Sold,8902 MAGNOLIA CHASE CIR,4,3,1,4,3318,3,Tile,20520,1994,"Private, Community",TRUE,HUNTERS GREEN,10,111,500000,150.69,5/24/2018,500000,150.69,7/2/2018,None
441,Sold,9204 HIGHLAND RIDGE WAY,4,3,1,4,3081,3,Tile,16872,1998,Private,TRUE,HUNTERS GREEN,8,8,500000,162.28,6/2/2017,500000,162.28,7/10/2017,None
442,Sold,17802  OSPREY POINTE PL ,4,3,1,4,3618,3,Tile,19716,1994,Private,TRUE,HUNTERS GREEN,69,69,519000,143.45,5/18/2015,500000,138.2,6/19/2015,None
443,Sold,9204 HIGHLAND RIDGE WAY,4,3,1,4,3081,3,Tile,16872,1998,Private,TRUE,HUNTERS GREEN,4,4,525000,170.4,5/29/2018,505000,163.91,7/18/2018,None
444,Sold,17404 HEATHER OAKS PL,4,3,1,4,3715,3,Tile,21109,1992,"Private, Community",,HUNTERS GREEN,12,202,529900,142.64,6/15/2016,507000,136.47,7/16/2016,None
445,Sold,9112 CANBERLEY DR,4,3,1,4,3176,3,Tile,12727,1991,Private,TRUE,HUNTER'S GREEN/FOX CHASE,21,21,549900,173.14,7/31/2019,510000,160.58,8/23/2019,None
446,Sold,8928 MAGNOLIA CHASE CIR,4,4,0,4,3200,3,Tile,18480,1994,"Private, Community",TRUE,HUNTERS GREEN,36,36,514900,160.91,2/21/2017,514900,160.91,3/31/2017,None
447,Sold,17804 OSPREY POINTE PL,4,3,1,4,3168,3,Tile,14043,1993,Private,TRUE,HUNTERS GREEN,0,0,530000,167.3,3/4/2019,519100,163.86,3/4/2019,None
448,Sold,17822 OSPREY POINTE PL,4,3,0,3,2961,3,Tile,13950,1993,Private,,HUNTERS GREEN,146,146,535000,180.68,8/15/2016,520000,175.62,9/8/2016,None
449,Sold,17827 OSPREY POINTE PL,5,3,0,3,3225,3,Tile,18050,1994,Private,FALSE,HUNTERS GREEN,16,16,529000,164.03,5/31/2018,526500,163.26,7/2/2018,None
450,Sold,9210 PINE ISLAND CT,5,3,1,4,3340,3,Tile,16786,1996,Private,,HUNTERS GREEN,26,26,550000,164.67,4/22/2019,530000,158.68,5/16/2019,None
451,Sold,9338 DEER CREEK DR,6,4,1,5,3381,2,Tile,12325,1996,Private,TRUE,HUNTERS GREEN PH 02,87,87,529000,156.46,5/7/2018,532000,157.35,6/27/2018,None
452,Sold,8908 MAGNOLIA CHASE CIR,5,4,1,5,3680,3,Tile,16120,1994,Private,TRUE,HUNTER'S GREEN MAGNOLIA CHASE,65,65,569900,154.86,5/29/2019,540000,146.74,7/5/2019,None
453,Sold,9168 HIGHLAND RIDGE WAY,4,3,1,4,3498,3,Tile,12150,1996,Private,,HUNTERS GREEN,1,1,540000,154.37,10/11/2016,540000,154.37,10/12/2016,None
454,Sold,9118 HIGHLAND RIDGE WAY,4,3,1,4,3361,3,Tile,13770,1994,Private,TRUE,HUNTERS GREEN,9,9,565000,168.1,7/21/2019,542000,161.26,8/21/2019,None
455,Sold,9338 DEER CREEK DR,6,4,1,5,3381,2,Tile,12325,1996,Private,,HUNTERS GREEN PRCL 14B PHAS,33,33,542000,160.31,7/10/2019,542000,160.31,8/8/2019,None
456,Sold,9205 HIGHLAND RIDGE WAY,4,3,1,4,3612,3,Tile,17010,1997,"Private, Community",,HUNTERS GREEN,0,0,600000,166.11,10/15/2016,560000,155.04,11/15/2016,None
457,Sold,18002  PINNACLE CT ,4,3,0,3,3522,3,Shingle,21450,1998,Private,TRUE,HUNTERS GREEN,41,41,575000,163.26,2/18/2016,565000,160.42,3/31/2016,None
458,Sold,17801  OSPREY POINTE PL ,5,4,1,5,4167,3,Tile,15704,1995,Private,TRUE,HUNTER'S GREEN,0,0,580000,139.19,7/13/2015,580000,139.19,7/13/2015,None
459,Sold,9124 HIGHLAND RIDGE WAY,5,3,1,4,3363,3,Tile,15750,1998,Private,,HUNTERS GREEN PRCL 15,0,0,590000,175.44,7/13/2018,590000,175.44,7/13/2018,None
460,Sold,8942 MAGNOLIA CHASE CIR,4,3,1,4,4263,3,Tile,29000,1990,Private,TRUE,HUNTERS GREEN,210,210,615000,144.26,4/9/2018,590000,138.4,4/27/2018,None
461,Sold,9155 HIGHLAND RIDGE WAY,4,3,1,4,4810,3,Tile,16317,1996,Private,TRUE,HUNTERS GREEN,89,89,629000,130.77,3/26/2018,615000,127.86,5/11/2018,None
462,Sold,9212 PINE ISLAND CT,4,3,1,4,4091,3,Tile,19305,1996,Private,TRUE,HUNTERS GREEN,3,3,625000,152.77,4/27/2017,620000,151.55,6/30/2017,None
463,Sold,8945  MAGNOLIA CHASE CIR ,5,5,0,5,4520,3,Tile,19256,1991,Private,TRUE,HUNTERS GREEN,159,159,650000,143.81,3/16/2016,625000,138.27,4/29/2016,None
464,Sold,18008 PINNACLE CT,5,3,2,5,3680,3,Shingle,16940,1996,Private,TRUE,HUNTER'S GREEN,5,5,650000,176.63,5/10/2017,632080,171.76,7/13/2017,None
465,Sold,8945 MAGNOLIA CHASE CIR,5,5,0,5,4550,3,Tile,19256,1991,Private,TRUE,HUNTERS GREEN MAGNOLIA CHASE,13,13,659000,144.84,8/28/2019,650000,142.86,10/4/2019,None
466,Sold,18124 LONGWATER RUN DR,4,3,0,3,4038,3,Tile,33495,1999,Private,,HUNTERS GREEN,52,529,699000,173.11,12/19/2016,657500,162.83,1/13/2017,None
467,Sold,9125  WOODRIDGE RUN DR ,6,4,0,4,5393,3,Tile,15580,1998,Private,TRUE,HUNTERS GREEN,346,346,699000,129.61,7/1/2016,699000,129.61,10/20/2016,None
468,Sold,8923 MAGNOLIA CHASE CIR,4,4,0,4,4860,3,Tile,20250,1990,"Private, Community",TRUE,HUNTERS GREEN,125,158,749899,154.3,12/13/2018,730000,150.21,2/8/2019,None
469,Sold,8802  FAZIO CT ,4,3,1,4,4123,3,Shingle,22496,1995,Private,TRUE,HUNTER'S GREEN,240,240,749900,181.88,12/14/2015,745000,180.69,2/10/2016,None
470,Sold,9155 HIGHLAND RIDGE WAY,4,3,1,4,4810,3,Tile,16317,1996,Private,TRUE,HUNTERS GREEN,38,38,787000,163.62,1/31/2019,748000,155.51,3/1/2019,None
471,Sold,18113 LONGWATER RUN DR,5,5,1,6,5688,4,Tile,52438,2004,Private,,HUNTERS GREEN,15,15,821500,144.43,3/15/2017,799724,140.6,5/15/2017,"Auction, Bank Owned/REO"
472,Sold,9105 WOODRIDGE RUN DR,5,4,1,5,4879,3,Tile,16117,1995,Private,TRUE,HUNTER'S GREEN,64,64,874900,179.32,10/27/2018,800000,163.97,12/12/2018,None
473,Sold,18112 LONGWATER RUN DR,4,4,0,4,4415,3,Tile,35838,1995,"Private, Community",TRUE,HUNTERS GREEN,23,23,864000,195.7,3/15/2016,820000,185.73,4/29/2016,None
474,Sold,8940 MAGNOLIA CHASE CIR,5,4,1,5,5939,3,Tile,45055,1990,Private,TRUE,HUNTERS GREEN,252,252,999900,168.36,9/18/2017,935000,157.43,11/9/2017,None
475,Sold,18113 LONGWATER RUN DR,6,6,2,8,5688,5,Tile,52438,2004,Private,,HUNTERS GREEN,4,39,999900,175.79,7/10/2017,940000,165.26,8/14/2017,None
476,Sold,18132  LONGWATER RUN DR ,5,5,0,5,5116,3,Tile,37897,2002,Private,,HUNTERS GREEN PARCEL 10B,316,316,1000000,195.47,3/24/2015,950000,185.69,4/13/2015,None
477,Sold,18110 LONGWATER RUN DR,5,4,1,5,4908,4,Tile,32670,1995,Private,TRUE,HUNTER'S GREEN PARCEL 10A,103,103,1050000,213.94,3/5/2018,1010000,205.79,3/20/2018,None
478,Sold,18131 LONGWATER RUN DR,5,6,1,7,6700,5,Shingle,35650,2001,"Private, Community",TRUE,HUNTERS GREEN,495,674,1099000,164.03,2/18/2019,1010000,150.75,3/20/2019,None
479,Sold,18130 LONGWATER RUN DR,5,5,1,6,5634,4,Tile,42560,2000,Private,TRUE,HUNTERS GREEN,0,0,1090000,193.47,4/9/2018,1050000,186.37,4/13/2018,None
480,Sold,18134 LONGWATER RUN DR,4,3,1,4,4813,3,Tile,37544,1999,Private,TRUE,HUNTERS GREEN,92,92,1195000,248.29,9/12/2017,1050000,218.16,9/28/2017,None
481,Sold,18145  LONGWATER RUN DR ,6,5,2,7,6350,4,Tile,48352,2000,Private,TRUE,HUNTERS GREEN,633,633,1399000,220.31,11/19/2015,1325000,208.66,1/15/2016,None
482,Sold,18122 LONGWATER RUN DR,6,6,1,7,8398,4,Tile,35620,2006,Private,TRUE,HUNTERS GREEN,566,566,1695000,201.83,4/24/2018,1435000,170.87,6/28/2018,None
